DROP DATABASE IF EXISTS `tp_mythologie`;
CREATE DATABASE tp_mythologie;
USE tp_mythologie;
SET SQL_MODE = "NO_AUTO_VALUE_ON_ZERO";
START TRANSACTION;

DROP TABLE IF EXISTS `articles`;
CREATE TABLE IF NOT EXISTS `articles` (
  `id_article` int(11) NOT NULL AUTO_INCREMENT,
  `id_user` int(11) NOT NULL,
  `titre_article` varchar(255) COLLATE utf8mb4_unicode_ci NOT NULL,
  `contenu_article` text COLLATE utf8mb4_unicode_ci NOT NULL,
  `image_article` varchar(255) COLLATE utf8mb4_unicode_ci NOT NULL,
  `date_article` datetime NOT NULL DEFAULT current_timestamp(),
  PRIMARY KEY (`id_article`),
  UNIQUE KEY `titre_article` (`titre_article`),
  KEY `id_user` (`id_user`)
) ENGINE=InnoDB AUTO_INCREMENT=12 DEFAULT CHARSET=utf8mb4 COLLATE=utf8mb4_unicode_ci;

INSERT INTO `articles` (`id_article`, `id_user`, `titre_article`, `contenu_article`, `image_article`, `date_article`) VALUES
(1, 1, 'Achille', '&lt;p style=&quot;text-indent: 1.2rem; margin-top: 5px; text-align: justify; line-height: 23.76px; margin-right: 20px; color: #000080; font-family: Verdana, Tahoma, Arial, sans-serif; font-size: 17.6px;&quot;&gt;&lt;strong&gt;Achille&lt;/strong&gt;, &quot;semblable aux dieux&quot; mais non pas dieu lui-m&amp;ecirc;me, fut le plus fameux des h&amp;eacute;ros grecs et un acteur incontournable de la&amp;nbsp;&lt;a style=&quot;color: #9900cc; text-decoration-line: none; font-weight: bold; font-size: 1em;&quot; href=&quot;https://mythologica.fr/grec/troie.htm&quot;&gt;guerre de Troie&lt;/a&gt;.&lt;/p&gt;\r\n&lt;p style=&quot;text-indent: 1.2rem; margin-top: 5px; text-align: justify; line-height: 23.76px; margin-right: 20px; color: #000080; font-family: Verdana, Tahoma, Arial, sans-serif; font-size: 17.6px;&quot;&gt;Achille (Gr. \"&amp;Alpha;&amp;chi;&amp;iota;&amp;lambda;&amp;lambda;&amp;epsilon;&amp;upsilon;&amp;sigmaf; Lat. Achilleus), fils de&amp;nbsp;&lt;a style=&quot;color: #9900cc; text-decoration-line: none; font-weight: bold; font-size: 1em;&quot; href=&quot;https://mythologica.fr/grec/pelee.htm&quot;&gt;P&amp;eacute;l&amp;eacute;e&lt;/a&gt;, roi des Myrmidons et de la n&amp;eacute;r&amp;eacute;ide,&amp;nbsp;&lt;a style=&quot;color: #9900cc; text-decoration-line: none; font-weight: bold; font-size: 1em;&quot; href=&quot;https://mythologica.fr/grec/thetis.htm&quot;&gt;Th&amp;eacute;tis&lt;/a&gt;, naquit &amp;agrave; Larissa en&amp;nbsp;&lt;a class=&quot;fancybox fancybox.iframe&quot; style=&quot;color: #9900cc; text-decoration-line: none; font-weight: bold; font-size: 1em;&quot; title=&quot;Carte&quot; href=&quot;https://mythologica.fr/grec/carte/a.htm&quot;&gt;Thessalie&lt;/a&gt;.&lt;/p&gt;\r\n&lt;p style=&quot;text-indent: 1.2rem; margin-top: 5px; text-align: justify; line-height: 23.76px; margin-right: 20px; color: #000080; font-family: Verdana, Tahoma, Arial, sans-serif; font-size: 17.6px;&quot;&gt;Sa&amp;nbsp;m&amp;egrave;re,&amp;nbsp;Th&amp;eacute;tis qui &amp;eacute;tait fort jolie, fut recherch&amp;eacute;e par&amp;nbsp;&lt;a style=&quot;color: #9900cc; text-decoration-line: none; font-weight: bold; font-size: 1em;&quot; href=&quot;https://mythologica.fr/grec/zeus.htm&quot;&gt;Zeus&lt;/a&gt;&amp;nbsp;et&amp;nbsp;&lt;a style=&quot;color: #9900cc; text-decoration-line: none; font-weight: bold; font-size: 1em;&quot; href=&quot;https://mythologica.fr/grec/poseidon.htm&quot;&gt;Pos&amp;eacute;idon&lt;/a&gt;&amp;nbsp;pour l\"&amp;eacute;pouser. La sage&amp;nbsp;&lt;a style=&quot;color: #9900cc; text-decoration-line: none; font-weight: bold; font-size: 1em;&quot; href=&quot;https://mythologica.fr/grec/themis.htm&quot;&gt;Th&amp;eacute;mis&lt;/a&gt;&amp;nbsp;savait que le fils qui na&amp;icirc;trait de Th&amp;eacute;tis serait plus grand et plus fort que son p&amp;egrave;re. Seul&amp;nbsp;&lt;a style=&quot;color: #9900cc; text-decoration-line: none; font-weight: bold; font-size: 1em;&quot; href=&quot;https://mythologica.fr/grec/promethee.htm&quot;&gt;Prom&amp;eacute;th&amp;eacute;e&lt;/a&gt;&amp;nbsp;connaissait ce terrible secret mais Zeus r&amp;eacute;ussit &amp;agrave; le lui arracher.&lt;/p&gt;\r\n&lt;p style=&quot;text-indent: 1.2rem; margin-top: 5px; text-align: justify; line-height: 23.76px; margin-right: 20px; color: #000080; font-family: Verdana, Tahoma, Arial, sans-serif; font-size: 17.6px;&quot;&gt;Alors, pour &amp;eacute;viter d\"&amp;ecirc;tre d&amp;eacute;tr&amp;ocirc;n&amp;eacute;s, les dieux d&amp;eacute;cid&amp;egrave;rent de marier Th&amp;eacute;tis au mortel P&amp;eacute;l&amp;eacute;e, non sans quelques difficult&amp;eacute;s car elle ne voulait pas &amp;eacute;pouser un simple mortel. En digne fille du sage N&amp;eacute;r&amp;eacute;e et comme toutes le divinit&amp;eacute;s de l\"oc&amp;eacute;an, Th&amp;eacute;tis utilisa mille formes ( le feu, l\"eau, le vent, l\"arbre, l\"oiseau, le tigre, le lion, le serpent et la seiche) pour &amp;eacute;chapper &amp;agrave; P&amp;eacute;l&amp;eacute;e qui lui m&amp;ecirc;me, conseill&amp;eacute; par le bon centaure Chiron, r&amp;eacute;ussit &amp;agrave; la saisir pour la marier. Par ce mariage leur enfant serait sup&amp;eacute;rieur &amp;agrave; son p&amp;egrave;re mais inf&amp;eacute;rieur aux immortels.&lt;/p&gt;\r\n&lt;p style=&quot;text-indent: 1.2rem; margin-top: 5px; text-align: justify; line-height: 23.76px; margin-right: 20px; color: #000080; font-family: Verdana, Tahoma, Arial, sans-serif; font-size: 17.6px;&quot;&gt;Pour calmer la d&amp;eacute;ception de Th&amp;eacute;tis d\"avoir &amp;agrave; &amp;eacute;pouser un simple mortel les dieux organis&amp;egrave;rent un somptueux&amp;nbsp;&lt;a style=&quot;color: #9900cc; text-decoration-line: none; font-weight: bold; font-size: 1em;&quot; href=&quot;https://mythologica.fr/grec/pelee.htm&quot;&gt;repas de mariage&lt;/a&gt;&amp;nbsp;o&amp;ugrave; toutes les divinit&amp;eacute;s (sauf une) furent convi&amp;eacute;es et apport&amp;egrave;rent de magnifiques cadeaux.&lt;br /&gt;En tant que fils de P&amp;eacute;l&amp;eacute;e il porte parfois le surnom de&amp;nbsp;&lt;span class=&quot;green&quot; style=&quot;color: #007700; font-weight: bold;&quot;&gt;P&amp;eacute;l&amp;eacute;ide&lt;/span&gt;&amp;nbsp;ou d\"&lt;span class=&quot;green&quot; style=&quot;color: #007700; font-weight: bold;&quot;&gt;Eacide&lt;/span&gt;&amp;nbsp;en tant que petit-fils d\"&lt;a style=&quot;color: #9900cc; text-decoration-line: none; font-weight: bold; font-size: 1em;&quot; href=&quot;https://mythologica.fr/grec/eaque.htm&quot;&gt;&amp;Eacute;aque&lt;/a&gt;.&lt;/p&gt;', 'Achille.jpg', '2022-05-03 23:58:42'),
(2, 1, 'Apollon', '&lt;p&gt;&lt;strong style=&quot;color: #000080; font-family: Verdana, Tahoma, Arial, sans-serif; font-size: 17.6px; text-align: justify; text-indent: 19.2px;&quot;&gt;Apollon&lt;/strong&gt;&lt;span style=&quot;color: #000080; font-family: Verdana, Tahoma, Arial, sans-serif; font-size: 17.6px; text-align: justify; text-indent: 19.2px;&quot;&gt;, (Gr. &amp;Alpha;&amp;pi;&amp;omicron;&amp;lambda;&amp;lambda;&amp;omega;&amp;nu;; Lat. Apollo) l\"une des principales divinit&amp;eacute;s de la mythologie grecque &amp;eacute;tait le dieu de la Lumi&amp;egrave;re, des Arts et de la Divination.&lt;/span&gt;&lt;/p&gt;\r\n&lt;p style=&quot;text-indent: 1.2rem; margin-top: 5px; text-align: justify; line-height: 23.76px; margin-right: 20px; color: #000080; font-family: Verdana, Tahoma, Arial, sans-serif; font-size: 17.6px;&quot;&gt;Il&amp;nbsp;est&amp;nbsp;fils&amp;nbsp;de&amp;nbsp;&lt;a style=&quot;color: #9900cc; text-decoration-line: none; font-weight: bold; font-size: 1em;&quot; href=&quot;https://mythologica.fr/grec/zeus.htm&quot;&gt;Zeus&lt;/a&gt;&amp;nbsp;et de&amp;nbsp;&lt;a style=&quot;color: #9900cc; text-decoration-line: none; font-weight: bold; font-size: 1em;&quot; href=&quot;https://mythologica.fr/grec/leto.htm&quot;&gt;L&amp;eacute;to&lt;/a&gt;, n&amp;eacute; sur l\"&amp;icirc;le st&amp;eacute;rile d\"Ortygie (l\"&amp;icirc;le aux cailles) qui plus tard le nom de&amp;nbsp;&lt;a class=&quot;geolien&quot; style=&quot;color: #0066ff; text-decoration-line: none; font-weight: bold; font-size: 1em;&quot; href=&quot;https://mythologica.fr/grec/geo/delphes.htm&quot;&gt;D&amp;eacute;los&lt;/a&gt;, o&amp;ugrave; sa m&amp;egrave;re, poursuivie par la jalousie d\"H&amp;eacute;ra, avait finalement trouv&amp;eacute; refuge.&lt;/p&gt;\r\n&lt;p style=&quot;text-indent: 1.2rem; margin-top: 5px; text-align: justify; line-height: 23.76px; margin-right: 20px; color: #000080; font-family: Verdana, Tahoma, Arial, sans-serif; font-size: 17.6px;&quot;&gt;L\"&amp;eacute;tymologie du nom d\"Apollon demeure incertaine. Aucune de celles que l\"on a propos&amp;eacute;es n\"est satisfaisante, soit qu\"on rattache ce nom &amp;agrave; un vieux verbe grec, &quot;&amp;Alpha;&amp;pi;&amp;epsilon;&amp;lambda;&amp;lambda;&amp;omega;&quot;, signifiant &quot;&amp;eacute;carter, repousser&quot;, ou &amp;agrave; une forme ancienne du verbe &quot;&amp;Alpha;&amp;pi;&amp;omicron;&amp;lambda;&amp;lambda;&amp;upsilon;&amp;mu;&amp;iota;&quot;, &quot;d&amp;eacute;truire&quot;.&lt;/p&gt;\r\n&lt;p style=&quot;text-indent: 1.2rem; margin-top: 5px; text-align: justify; line-height: 23.76px; margin-right: 20px; color: #000080; font-family: Verdana, Tahoma, Arial, sans-serif; font-size: 17.6px;&quot;&gt;D\"ailleurs les anciens eux-m&amp;ecirc;mes connaissaient plusieurs Apollon. Cic&amp;eacute;ron&amp;nbsp;&lt;span class=&quot;fonte11&quot; style=&quot;font-size: 0.8em; line-height: 16.192px;&quot;&gt;(De natura Deorum III, 23,23)&lt;/span&gt;&amp;nbsp;en d&amp;eacute;nombre quatre.&lt;br /&gt;Aujourd\"hui, on tend &amp;agrave; distinguer un Apollon dorien et un Apollon ionien plus oriental, ancienne divinit&amp;eacute; solaire primitive comme semble l\"attester certains de ses surnoms comme Phoibos ou Xanthos (couleur de feu); mais leurs l&amp;eacute;gendes se sont m&amp;ecirc;l&amp;eacute;es au cours des si&amp;egrave;cles.&lt;/p&gt;\r\n&lt;p style=&quot;text-indent: 1.2rem; margin-top: 5px; text-align: justify; line-height: 23.76px; margin-right: 20px; color: #000080; font-family: Verdana, Tahoma, Arial, sans-serif; font-size: 17.6px;&quot;&gt;&lt;span style=&quot;font-size: 17.6px; text-indent: 19.2px;&quot;&gt;Il est le dieu de la Lumi&amp;egrave;re, et conduit parfois le char du Soleil (&lt;/span&gt;&lt;a style=&quot;color: #9900cc; text-decoration-line: none; font-weight: bold; font-size: 17.6px; text-indent: 19.2px;&quot; href=&quot;https://mythologica.fr/grec/helios.htm&quot;&gt;H&amp;eacute;lios&lt;/a&gt;&lt;span style=&quot;font-size: 17.6px; text-indent: 19.2px;&quot;&gt;). A partir du Ve si&amp;egrave;cle avant notre &amp;egrave;re, les Grecs ont de plus en plus tendance &amp;agrave; l\"identifier avec H&amp;eacute;lios (le Soleil).&lt;/span&gt;&lt;br style=&quot;font-size: 17.6px; text-indent: 19.2px;&quot; /&gt;&lt;span style=&quot;font-size: 17.6px; text-indent: 19.2px;&quot;&gt;C\"est aussi un dieu agricole: &amp;agrave; Amycl&amp;eacute;es (Apollon Carneios), en Arcadie (Apollon Nomios).&lt;/span&gt;&lt;br style=&quot;font-size: 17.6px; text-indent: 19.2px;&quot; /&gt;&lt;span style=&quot;font-size: 17.6px; text-indent: 19.2px;&quot;&gt;C\"est le dieu des Purifications, le dieu vengeur qui d&amp;eacute;cha&amp;icirc;ne les &amp;eacute;pid&amp;eacute;mies, le dieu protecteur, le dieu m&amp;eacute;decin avant son fils Ascl&amp;eacute;pios.&lt;/span&gt;&lt;br style=&quot;font-size: 17.6px; text-indent: 19.2px;&quot; /&gt;&lt;span style=&quot;font-size: 17.6px; text-indent: 19.2px;&quot;&gt;C\"est le dieu des archers dont les fl&amp;egrave;ches fabriqu&amp;eacute;es par H&amp;eacute;pha&amp;iuml;stos et tir&amp;eacute;es par son arc d\"argent sont redoutables.&lt;/span&gt;&lt;/p&gt;', 'Apollon.png', '2022-05-04 00:02:04'),
(3, 1, 'Athéna', '&lt;p&gt;&lt;strong style=&quot;color: #000080; font-family: Verdana, Tahoma, Arial, sans-serif; font-size: 17.6px; text-align: justify; text-indent: 19.2px;&quot;&gt;Ath&amp;eacute;na&lt;/strong&gt;&lt;span style=&quot;color: #000080; font-family: Verdana, Tahoma, Arial, sans-serif; font-size: 17.6px; text-align: justify; text-indent: 19.2px;&quot;&gt;&amp;nbsp;(gr. &amp;Alpha;&amp;theta;&amp;eta;&amp;nu;&amp;eta;; Lat. Athena) est la grande d&amp;eacute;esse olympienne aux sages conseils, elle est &amp;agrave; la fois la d&amp;eacute;esse de la Guerre et la d&amp;eacute;fense des cit&amp;eacute;s, de la Sagesse, protectrice des h&amp;eacute;ros et patronne des artisans et de l\"artisanat (poterie, tissage, sculpture...)&lt;/span&gt;&lt;br style=&quot;color: #000080; font-family: Verdana, Tahoma, Arial, sans-serif; font-size: 17.6px; text-align: justify; text-indent: 19.2px;&quot; /&gt;&lt;span style=&quot;color: #000080; font-family: Verdana, Tahoma, Arial, sans-serif; font-size: 17.6px; text-align: justify; text-indent: 19.2px;&quot;&gt;Elle fait partie des douze&amp;nbsp;&lt;/span&gt;&lt;a style=&quot;color: #9900cc; text-decoration-line: none; font-weight: bold; font-size: 17.6px; font-family: Verdana, Tahoma, Arial, sans-serif; text-align: justify; text-indent: 19.2px;&quot; href=&quot;https://mythologica.fr/grec/olympien.htm&quot;&gt;Olympiens&lt;/a&gt;&lt;span style=&quot;color: #000080; font-family: Verdana, Tahoma, Arial, sans-serif; font-size: 17.6px; text-align: justify; text-indent: 19.2px;&quot;&gt;. Les Romains l\"assimil&amp;egrave;rent &amp;agrave;&amp;nbsp;&lt;/span&gt;&lt;a style=&quot;color: red; font-weight: bold; font-size: 17.6px; font-family: Verdana, Tahoma, Arial, sans-serif; text-align: justify; text-indent: 19.2px;&quot; href=&quot;https://mythologica.fr/rome/minerve.htm&quot; target=&quot;_blank&quot; rel=&quot;noopener&quot;&gt;Minerve&lt;/a&gt;&lt;span style=&quot;color: #000080; font-family: Verdana, Tahoma, Arial, sans-serif; font-size: 17.6px; text-align: justify; text-indent: 19.2px;&quot;&gt;.&lt;/span&gt;&lt;/p&gt;\r\n&lt;p style=&quot;text-indent: 1.2rem; margin-top: 5px; text-align: justify; line-height: 23.76px; margin-right: 20px; color: #000080; font-family: Verdana, Tahoma, Arial, sans-serif; font-size: 17.6px;&quot;&gt;Les&amp;nbsp;diverses&amp;nbsp;&amp;eacute;tymologies de son nom ne sont pas r&amp;eacute;ellement satisfaisantes. H&amp;eacute;rodote a le premier identifi&amp;eacute; Ath&amp;eacute;na avec Neith, la d&amp;eacute;esse &amp;eacute;gyptienne de Sa&amp;iuml;s; cette identification a &amp;eacute;t&amp;eacute; par la suite justifi&amp;eacute;e par toutes sortes de l&amp;eacute;gendes, telles que l\"origine &amp;eacute;gyptienne de C&amp;eacute;crops.&lt;br /&gt;De m&amp;ecirc;me l\"assimilation d\"Ath&amp;eacute;na avec la d&amp;eacute;esse perse Ana&amp;iuml;tis ou An&amp;acirc;hita d&amp;eacute;rive d\"un passage assez peu clair de Plutarque.&lt;br /&gt;Certains ont voulu retrouver dans son nom une racine sanscrite &quot;vadh&quot; qui signifie &quot;frapper&quot;.&lt;/p&gt;\r\n&lt;p style=&quot;text-indent: 1.2rem; margin-top: 5px; text-align: justify; line-height: 23.76px; margin-right: 20px; color: #000080; font-family: Verdana, Tahoma, Arial, sans-serif; font-size: 17.6px;&quot;&gt;Les origines grecques comme &quot;fleur&quot; (&amp;alpha;&amp;theta;&amp;omicron;&amp;zeta;) ou &quot;nourrice&quot; (&amp;tau;&amp;iota;&amp;theta;&amp;eta;&amp;nu;&amp;eta;) ne sont pas meilleures. Il semble, en tout cas, que le nom de la d&amp;eacute;esse et celui de la ville d\"Ath&amp;egrave;nes soient &amp;eacute;troitement li&amp;eacute;s ; l\"un d&amp;eacute;rive de l\"autre&quot;; mais on ne saurait dire lequel fut le premier.&lt;/p&gt;\r\n&lt;p style=&quot;text-indent: 1.2rem; margin-top: 5px; text-align: justify; line-height: 23.76px; margin-right: 20px; color: #000080; font-family: Verdana, Tahoma, Arial, sans-serif; font-size: 17.6px;&quot;&gt;Ses innombrables surnoms rappellent les circonstances de sa naissance, sa physionomie, ou ses attributions:&lt;br /&gt;&amp;bull; Agoraia (d&amp;eacute;esse de l\"agora),&lt;br /&gt;&amp;bull; Coryphasia (n&amp;eacute;e sur une hauteur),&lt;br /&gt;&amp;bull; Ergan&amp;eacute; (la travailleuse),&lt;br /&gt;&amp;bull; Glauk&amp;ocirc;pis (aux yeux brillants),&lt;br /&gt;&amp;bull; Hippia (protectrice des chevaux),&lt;br /&gt;&amp;bull; Nik&amp;egrave; (la victorieuse),&lt;br /&gt;&amp;bull; Pallas ou Parth&amp;eacute;nos (la jeune fille, la vierge),&lt;br /&gt;&amp;bull; Polias (gardienne de la ville),&lt;br /&gt;&amp;bull; Promachos (celle qui combat en premier, le rempart de la cit&amp;eacute;),&lt;br /&gt;&amp;bull; Pronoia (la pr&amp;eacute;voyante),&lt;br /&gt;&amp;bull; Tritog&amp;eacute;neia (n&amp;eacute;e pr&amp;egrave;s du lac Tritonis),&lt;br /&gt;ou des d&amp;eacute;tails de son culte: Apatouria, Chalciaekos, Itonia, Pandrosos, Phratia, Skiras, etc.&lt;/p&gt;\r\n&lt;p style=&quot;text-indent: 1.2rem; margin-top: 5px; text-align: justify; line-height: 23.76px; margin-right: 20px; color: #000080; font-family: Verdana, Tahoma, Arial, sans-serif; font-size: 17.6px;&quot;&gt;L\"&amp;eacute;pith&amp;egrave;te po&amp;eacute;tique Pallas, souvent accol&amp;eacute;e au nom d\"Ath&amp;eacute;na, proviendrait soit de &amp;pi;&amp;alpha;&amp;lambda;&amp;lambda;&amp;epsilon;&amp;iota;&amp;nu;, &quot;frapper&quot;, soit, plus vraisemblablement, de &amp;pi;&amp;alpha;&amp;lambda;&amp;lambda;&amp;alpha;&amp;xi;, &quot;jeune fille&quot;.&amp;nbsp;&lt;span class=&quot;fonte11&quot; style=&quot;font-size: 0.8em; line-height: 16.192px;&quot;&gt;(Voir la fiche sur&amp;nbsp;&lt;a style=&quot;color: #9900cc; text-decoration-line: none; font-weight: bold; font-size: 1em;&quot; href=&quot;https://mythologica.fr/grec/pallas.htm&quot;&gt;Pallas&lt;/a&gt;&amp;nbsp;pour la l&amp;eacute;gende.)&lt;/span&gt;&lt;/p&gt;', 'Athéna.jpg', '2022-05-04 00:05:15'),
(4, 1, 'Bellérophon', '&lt;p&gt;&lt;span style=&quot;color: #000080; font-family: Verdana, Tahoma, Arial, sans-serif; font-size: 17.6px; text-align: justify; text-indent: 19.2px;&quot;&gt;H&amp;eacute;ros corinthien,&amp;nbsp;&lt;/span&gt;&lt;strong style=&quot;color: #000080; font-family: Verdana, Tahoma, Arial, sans-serif; font-size: 17.6px; text-align: justify; text-indent: 19.2px;&quot;&gt;Bell&amp;eacute;rophon&lt;/strong&gt;&lt;span style=&quot;color: #000080; font-family: Verdana, Tahoma, Arial, sans-serif; font-size: 17.6px; text-align: justify; text-indent: 19.2px;&quot;&gt;&amp;nbsp;(&amp;Beta;&amp;epsilon;&amp;lambda;&amp;lambda;&amp;epsilon;&amp;rho;&amp;omicron;&amp;phi;ό&amp;nu;&amp;tau;&amp;eta;&amp;sigmaf;) fils de&amp;nbsp;&lt;/span&gt;&lt;a style=&quot;color: #9900cc; text-decoration-line: none; font-weight: bold; font-size: 17.6px; font-family: Verdana, Tahoma, Arial, sans-serif; text-align: justify; text-indent: 19.2px;&quot; href=&quot;https://mythologica.fr/grec/glaucos.htm&quot;&gt;Glaucos&lt;sup&gt;1&lt;/sup&gt;&lt;/a&gt;&lt;span style=&quot;color: #000080; font-family: Verdana, Tahoma, Arial, sans-serif; font-size: 17.6px; text-align: justify; text-indent: 19.2px;&quot;&gt;&amp;nbsp;(ou de Pos&amp;eacute;idon) r&amp;eacute;pondait &amp;agrave; sa naissance au nom de&amp;nbsp;&lt;/span&gt;&lt;span class=&quot;green&quot; style=&quot;color: #007700; font-weight: bold; font-family: Verdana, Tahoma, Arial, sans-serif; font-size: 17.6px; text-align: justify; text-indent: 19.2px;&quot;&gt;Hipponoos&lt;/span&gt;&lt;span style=&quot;color: #000080; font-family: Verdana, Tahoma, Arial, sans-serif; font-size: 17.6px; text-align: justify; text-indent: 19.2px;&quot;&gt;&amp;nbsp;&lt;/span&gt;&lt;span class=&quot;fonte11&quot; style=&quot;font-size: 0.8em; line-height: 16.192px; color: #000080; font-family: Verdana, Tahoma, Arial, sans-serif; text-align: justify; text-indent: 19.2px;&quot;&gt;(qui connait les chevaux)&lt;/span&gt;&lt;span style=&quot;color: #000080; font-family: Verdana, Tahoma, Arial, sans-serif; font-size: 17.6px; text-align: justify; text-indent: 19.2px;&quot;&gt;; sa m&amp;egrave;re, qui s\"appelait soit&amp;nbsp;&lt;/span&gt;&lt;span class=&quot;green&quot; style=&quot;color: #007700; font-weight: bold; font-family: Verdana, Tahoma, Arial, sans-serif; font-size: 17.6px; text-align: justify; text-indent: 19.2px;&quot;&gt;Eurym&amp;eacute;d&amp;eacute;&lt;/span&gt;&lt;span style=&quot;color: #000080; font-family: Verdana, Tahoma, Arial, sans-serif; font-size: 17.6px; text-align: justify; text-indent: 19.2px;&quot;&gt;&amp;nbsp;soit&amp;nbsp;&lt;/span&gt;&lt;span class=&quot;green&quot; style=&quot;color: #007700; font-weight: bold; font-family: Verdana, Tahoma, Arial, sans-serif; font-size: 17.6px; text-align: justify; text-indent: 19.2px;&quot;&gt;Eurynome&lt;/span&gt;&lt;span style=&quot;color: #000080; font-family: Verdana, Tahoma, Arial, sans-serif; font-size: 17.6px; text-align: justify; text-indent: 19.2px;&quot;&gt;, &amp;eacute;tait la fille du roi de M&amp;eacute;gare,&amp;nbsp;&lt;/span&gt;&lt;span class=&quot;green&quot; style=&quot;color: #007700; font-weight: bold; font-family: Verdana, Tahoma, Arial, sans-serif; font-size: 17.6px; text-align: justify; text-indent: 19.2px;&quot;&gt;Nisos.&lt;/span&gt;&lt;/p&gt;\r\n&lt;p&gt;&lt;span class=&quot;green&quot; style=&quot;color: #007700; font-weight: bold; font-family: Verdana, Tahoma, Arial, sans-serif; font-size: 17.6px; text-align: justify; text-indent: 19.2px;&quot;&gt;&lt;span style=&quot;color: #000080; font-size: 17.6px; font-weight: 400; text-indent: 19.2px;&quot;&gt;Apr&amp;egrave;s le meurtre involontaire de son fr&amp;egrave;re, &lt;/span&gt;&lt;span class=&quot;green&quot; style=&quot;font-size: 17.6px; text-indent: 19.2px;&quot;&gt;D&amp;eacute;liad&amp;egrave;s&lt;/span&gt;&lt;span style=&quot;color: #000080; font-size: 17.6px; font-weight: 400; text-indent: 19.2px;&quot;&gt;, lors d\"un lancer de disque ou suivant d\"autres r&amp;eacute;cits, d\"un noble Corinthien tyran de son &amp;eacute;tat, nomm&amp;eacute;&amp;nbsp;&lt;/span&gt;&lt;span class=&quot;green&quot; style=&quot;font-size: 17.6px; text-indent: 19.2px;&quot;&gt;Bell&amp;eacute;ros&lt;/span&gt;&lt;span style=&quot;color: #000080; font-size: 17.6px; font-weight: 400; text-indent: 19.2px;&quot;&gt;, il dut s\"expatrier et il se retira &amp;agrave; la cour de&amp;nbsp;&lt;/span&gt;&lt;span class=&quot;green&quot; style=&quot;font-size: 17.6px; text-indent: 19.2px;&quot;&gt;Pro&amp;eacute;tos&lt;/span&gt;&lt;span style=&quot;color: #000080; font-size: 17.6px; font-weight: 400; text-indent: 19.2px;&quot;&gt;&amp;nbsp;(Proitos ou Praetos), roi de Corinthe qui le purifia de son crime et il prit alors le nom de Bell&amp;eacute;rophon,&amp;nbsp;&lt;/span&gt;&lt;span class=&quot;fonte11&quot; style=&quot;font-size: 0.8em; line-height: 16.192px; color: #000080; font-weight: 400; text-indent: 19.2px;&quot;&gt;&quot;tueur de Bell&amp;eacute;ros&quot;.&lt;/span&gt;&lt;/span&gt;&lt;/p&gt;\r\n&lt;p&gt;&amp;nbsp;&lt;/p&gt;\r\n&lt;p style=&quot;text-indent: 1.2rem; margin-top: 5px; text-align: justify; line-height: 23.76px; margin-right: 20px; color: #000080; font-family: Verdana, Tahoma, Arial, sans-serif; font-size: 17.6px;&quot;&gt;&lt;span class=&quot;green&quot; style=&quot;color: #007700; font-weight: bold;&quot;&gt;St&amp;eacute;n&amp;eacute;b&amp;eacute;e&lt;/span&gt;&amp;nbsp;(ou&amp;nbsp;&lt;span class=&quot;green&quot; style=&quot;color: #007700; font-weight: bold;&quot;&gt;Ant&amp;eacute;ia&lt;/span&gt;&amp;nbsp;chez Hom&amp;egrave;re), &amp;eacute;pouse du roi, l\"accusa faussement d\"avoir tent&amp;eacute; de la s&amp;eacute;duire parce qu\"il avait refus&amp;eacute; ses avances.&lt;/p&gt;\r\n&lt;p&gt;&lt;span style=&quot;color: #000080; font-family: Verdana, Tahoma, Arial, sans-serif; font-size: 17.6px; text-align: justify; text-indent: 19.2px;&quot;&gt;Pro&amp;eacute;tos qui ne voulut pas s\"attirer le courroux des&amp;nbsp;&lt;/span&gt;&lt;a style=&quot;color: #9900cc; text-decoration-line: none; font-weight: bold; font-size: 17.6px; font-family: Verdana, Tahoma, Arial, sans-serif; text-align: justify; text-indent: 19.2px;&quot; href=&quot;https://mythologica.fr/grec/erinnyes.htm&quot;&gt;Erinyes&lt;/a&gt;&lt;span style=&quot;color: #000080; font-family: Verdana, Tahoma, Arial, sans-serif; font-size: 17.6px; text-align: justify; text-indent: 19.2px;&quot;&gt;&amp;nbsp;en le tuant lui-m&amp;ecirc;me, envoya le h&amp;eacute;ros &amp;agrave;&amp;nbsp;&lt;/span&gt;&lt;span class=&quot;green&quot; style=&quot;color: #007700; font-weight: bold; font-family: Verdana, Tahoma, Arial, sans-serif; font-size: 17.6px; text-align: justify; text-indent: 19.2px;&quot;&gt;Iobat&amp;egrave;s&lt;/span&gt;&lt;span style=&quot;color: #000080; font-family: Verdana, Tahoma, Arial, sans-serif; font-size: 17.6px; text-align: justify; text-indent: 19.2px;&quot;&gt;, son beau-p&amp;egrave;re, roi de Lycie, avec une tablette scell&amp;eacute;e en lui indiquant de le faire p&amp;eacute;rir.&lt;/span&gt;&lt;/p&gt;\r\n&lt;p class=&quot;bete&quot; style=&quot;text-indent: 1.2rem; margin-top: 5px; text-align: justify; line-height: 23.76px; margin-right: 20px; color: #000080; font-family: Verdana, Tahoma, Arial, sans-serif; font-size: 17.6px;&quot;&gt;Iobat&amp;egrave;s re&amp;ccedil;ut fort bien le jeune homme qu\"il invita &amp;agrave; sa table et au bout d\"une semaine il prit connaissance de la tablette. Ne voulant pas tuer son h&amp;ocirc;te ni contrevenir &amp;agrave; cette tr&amp;egrave;s ancienne coutume qui interdisait de tuer celui avec qui on avait partag&amp;eacute; un repas, il chercha un moyen o&amp;ugrave; il n\"aurait pas directement du sang sur les mains.&lt;/p&gt;\r\n&lt;p class=&quot;bete&quot; style=&quot;text-indent: 1.2rem; margin-top: 5px; text-align: justify; line-height: 23.76px; margin-right: 20px; color: #000080; font-family: Verdana, Tahoma, Arial, sans-serif; font-size: 17.6px;&quot;&gt;Il lui demanda de d&amp;eacute;barrasser son pays de la Chim&amp;egrave;re, persuad&amp;eacute; qu\"il succomberait dans cette lutte.&amp;nbsp;&lt;a style=&quot;color: #9900cc; text-decoration-line: none; font-weight: bold; font-size: 1em;&quot; href=&quot;https://mythologica.fr/grec/monstre.htm&quot;&gt;Chim&amp;egrave;re&lt;/a&gt;&amp;nbsp;&amp;eacute;tait un monstre femelle qui soufflait du feu, avait une t&amp;ecirc;te de lion, un corps avec une seconde t&amp;ecirc;te de ch&amp;egrave;vre et une queue de serpent.&lt;/p&gt;\r\n&lt;p class=&quot;bete&quot; style=&quot;text-indent: 1.2rem; margin-top: 5px; text-align: justify; line-height: 23.76px; margin-right: 20px; color: #000080; font-family: Verdana, Tahoma, Arial, sans-serif; font-size: 17.6px;&quot;&gt;Ne sachant que faire, Bell&amp;eacute;rophon alla interroger le devin Polyidos qui lui recommanda de sacrifier un taureau &amp;agrave; Pos&amp;eacute;idon et de passer une nuit dans le temple d\"Ath&amp;eacute;na.&lt;/p&gt;\r\n&lt;p style=&quot;text-indent: 1.2rem; margin-top: 5px; text-align: justify; line-height: 23.76px; margin-right: 20px; color: #000080; font-family: Verdana, Tahoma, Arial, sans-serif; font-size: 17.6px;&quot;&gt;Prot&amp;eacute;g&amp;eacute; par&amp;nbsp;&lt;a style=&quot;color: #9900cc; text-decoration-line: none; font-weight: bold; font-size: 1em;&quot; href=&quot;https://mythologica.fr/grec/athena.htm&quot;&gt;Ath&amp;eacute;na&lt;/a&gt;, qui lui qui lui donna un mors en or, il dompta le cheval&amp;nbsp;&lt;a style=&quot;color: #9900cc; text-decoration-line: none; font-weight: bold; font-size: 1em;&quot; href=&quot;https://mythologica.fr/grec/pegase.htm&quot;&gt;P&amp;eacute;gase&lt;/a&gt;. Avec une monture au vol puissant et rapide, Bell&amp;eacute;rophon tua le monstre. En volant au-dessus d\"elle, il la cribla de fl&amp;egrave;ches &amp;agrave; la pointe en plomb ou bien il lan&amp;ccedil;a un bloc de plomb dans la gueule. Le souffle ardent de Chim&amp;egrave;re fit fondre le plomb qui lui br&amp;ucirc;la les entrailles.&lt;/p&gt;', 'Bellérophon.jpg', '2022-05-04 00:07:36'),
(5, 1, 'Déméter', '&lt;p style=&quot;text-indent: 1.2rem; margin-top: 5px; text-align: justify; line-height: 23.76px; margin-right: 20px; color: #000080; font-family: Verdana, Tahoma, Arial, sans-serif; font-size: 17.6px;&quot;&gt;&lt;strong&gt;D&amp;eacute;m&amp;eacute;ter&lt;/strong&gt;&amp;nbsp;(Gr. &amp;Delta;&amp;eta;&amp;mu;&amp;eta;&amp;tau;&amp;eta;&amp;rho;; Lat. Demeter) dont le nom, sans doute une alt&amp;eacute;ration d\"un mot grec qui signifie de &quot;Terre-m&amp;egrave;re&quot;, &amp;eacute;tait la d&amp;eacute;esse de l\"agriculture et des moissons.&lt;/p&gt;\r\n&lt;p style=&quot;text-indent: 1.2rem; margin-top: 5px; text-align: justify; line-height: 23.76px; margin-right: 20px; color: #000080; font-family: Verdana, Tahoma, Arial, sans-serif; font-size: 17.6px;&quot;&gt;Elle repr&amp;eacute;sentait la terre cultiv&amp;eacute;e et f&amp;eacute;conde contrairement aux autres d&amp;eacute;esses comme Ga&amp;iuml;a ou Rh&amp;eacute;a qui personnifiait la terre en tant que mati&amp;egrave;re. C\"est elle qui facilitait la germination et la pousse des plantes.&lt;br /&gt;&lt;br /&gt;Elle &amp;eacute;tait la fille de&amp;nbsp;&lt;a style=&quot;color: #9900cc; text-decoration-line: none; font-weight: bold; font-size: 1em;&quot; href=&quot;https://mythologica.fr/grec/cronos.htm&quot;&gt;Cronos&lt;/a&gt;&amp;nbsp;et&amp;nbsp;&lt;a style=&quot;color: #9900cc; text-decoration-line: none; font-weight: bold; font-size: 1em;&quot; href=&quot;https://mythologica.fr/grec/rhea.htm&quot;&gt;Rh&amp;eacute;a&lt;/a&gt;. Elle fait partie des douze&amp;nbsp;&lt;a style=&quot;color: #9900cc; text-decoration-line: none; font-weight: bold; font-size: 1em;&quot; href=&quot;https://mythologica.fr/grec/olympien.htm&quot;&gt;Olympiens&lt;/a&gt;&amp;nbsp;m&amp;ecirc;me si elle pr&amp;eacute;f&amp;eacute;rait r&amp;eacute;sider &amp;agrave; Eleusis au contact de la terre que sur l\"Olympe.&lt;br /&gt;&lt;br /&gt;Elle fut assimil&amp;eacute;e par les romains sous le nom de&amp;nbsp;&lt;a style=&quot;color: #9900cc; text-decoration-line: none; font-weight: bold; font-size: 1em;&quot; href=&quot;https://mythologica.fr/rome/ceres.htm&quot; target=&quot;_blank&quot; rel=&quot;noopener&quot;&gt;C&amp;eacute;r&amp;egrave;s&lt;/a&gt;&amp;nbsp;qui &amp;eacute;tait une divinit&amp;eacute; latine tr&amp;egrave;s ancienne associ&amp;eacute;e aux moissons.&lt;/p&gt;\r\n&lt;p style=&quot;text-indent: 1.2rem; margin-top: 5px; text-align: justify; line-height: 23.76px; margin-right: 20px; color: #000080; font-family: Verdana, Tahoma, Arial, sans-serif; font-size: 17.6px;&quot;&gt;&lt;span style=&quot;font-size: 17.6px; text-indent: 19.2px;&quot;&gt;La base de l\"&amp;eacute;conomie grecque reposait principalement sur la culture des c&amp;eacute;r&amp;eacute;ales (orge et bl&amp;eacute;) c\"est pourquoi elle &amp;eacute;tait particuli&amp;egrave;rement v&amp;eacute;n&amp;eacute;r&amp;eacute;e en assurant l\"abondance et l\"&amp;eacute;panouissement des cit&amp;eacute;s. Elle resta toujours tr&amp;egrave;s proche des Hommes qui construisirent en son honneur un grand nombre de temples &amp;agrave; travers toute la Gr&amp;egrave;ce.&lt;/span&gt;&lt;br style=&quot;font-size: 17.6px; text-indent: 19.2px;&quot; /&gt;&lt;span style=&quot;font-size: 17.6px; text-indent: 19.2px;&quot;&gt;En tant que d&amp;eacute;esse de la terre elle avait aussi un caract&amp;egrave;re&amp;nbsp;&lt;/span&gt;&lt;abbr style=&quot;font-size: 17.6px; text-indent: 19.2px;&quot; title=&quot;se dit de divinit&amp;eacute;s souterraines ou infernales&quot;&gt;chthonien&amp;nbsp;&lt;/abbr&gt;&lt;span style=&quot;font-size: 17.6px; text-indent: 19.2px;&quot;&gt;qui fut par la suite d&amp;eacute;volu &amp;agrave; sa fille Pers&amp;eacute;phone.&lt;/span&gt;&lt;/p&gt;\r\n&lt;p style=&quot;text-indent: 1.2rem; margin-top: 5px; text-align: justify; line-height: 23.76px; margin-right: 20px; color: #000080; font-family: Verdana, Tahoma, Arial, sans-serif; font-size: 17.6px;&quot;&gt;oute la Gr&amp;egrave;ce la v&amp;eacute;n&amp;eacute;rait comme une d&amp;eacute;esse majeure. Les terres &amp;agrave; bl&amp;eacute;, comme la Sicile, plus encore que les autres. Bienfaisante, elle prot&amp;eacute;geait les r&amp;eacute;coltes, elle apprit aux hommes ce qui constitue la base m&amp;ecirc;me de la civilisation : la culture du bl&amp;eacute; et la fabrication du pain. On la c&amp;eacute;l&amp;eacute;brait par des banquets champ&amp;ecirc;tres, des f&amp;ecirc;tes qui montrent son caract&amp;egrave;re populaire. Le culte &amp;eacute;tait bas&amp;eacute; sur le rythme des saisons. Certains rites rappelaient que fertilit&amp;eacute; agricole et sexualit&amp;eacute; humaine vont de pair : les fid&amp;egrave;les portaient des corbeilles avec des figurations en terre d\"organes sexuels, lan&amp;ccedil;aient des plaisanteries grivoises lors des processions. il &amp;eacute;tait &amp;agrave; la source des&amp;nbsp;&lt;a style=&quot;color: #9900cc; text-decoration-line: none; font-weight: bold; font-size: 1em;&quot; href=&quot;https://mythologica.fr/grec/civil/eleusinies.htm&quot;&gt;Myst&amp;egrave;res d\"Eul&amp;eacute;sis&lt;/a&gt;.&lt;br /&gt;Elle &amp;eacute;tait aussi particuli&amp;egrave;rement v&amp;eacute;n&amp;eacute;r&amp;eacute;e par les femmes, par exemple lors des&amp;nbsp;&lt;span class=&quot;green&quot; style=&quot;color: #007700; font-weight: bold;&quot;&gt;Thesmophories&lt;/span&gt;&amp;nbsp;&amp;agrave;&amp;nbsp;&lt;a class=&quot;geolien&quot; style=&quot;color: #0066ff; text-decoration-line: none; font-weight: bold; font-size: 1em;&quot; href=&quot;https://mythologica.fr/grec/geo/athenes.htm&quot;&gt;Ath&amp;egrave;nes&lt;/a&gt;, c&amp;eacute;r&amp;eacute;monie qui re&amp;ccedil;ut son nom de l\"&amp;eacute;pith&amp;egrave;te de la d&amp;eacute;esse &amp;laquo;Thesmophoros&amp;raquo; (la L&amp;eacute;gislatrice) et qui &amp;eacute;tait r&amp;eacute;serv&amp;eacute;e aux femmes ce qui ne manquait pas de faire jaser les hommes. Le secret de ses Myst&amp;egrave;res &amp;eacute;tait tr&amp;egrave;s bien gard&amp;eacute; et sa divulgation &amp;eacute;tait punie de la peine de mort; Eschyle faillit &amp;ecirc;tre condamn&amp;eacute;. Celles-ci rendaient un culte &amp;agrave; la fertilit&amp;eacute; aussi bien pour elles-m&amp;ecirc;mes que pour la cit&amp;eacute; : Aristophane en fait le sujet de sa com&amp;eacute;die, &quot;Les Thesmophories&quot;.&lt;br /&gt;Les Phigaliens adoreraient une D&amp;eacute;m&amp;eacute;ter &amp;agrave; t&amp;ecirc;te et crini&amp;egrave;re de jument, entour&amp;eacute;e de dragons et de serpents. Cette statue ayant &amp;eacute;t&amp;eacute; incendi&amp;eacute;e par accident, les Phigaliens oubli&amp;egrave;rent le culte de la d&amp;eacute;esse, qui envoya une grande s&amp;eacute;cheresse sur la pays. Cette calamit&amp;eacute; les aurait conduits jusqu\"&amp;agrave; manger leurs propres enfants, s\"ils ne l\"avaient arr&amp;ecirc;t&amp;eacute;e en r&amp;eacute;tablissant le culte de D&amp;eacute;m&amp;eacute;ter la noire.&lt;/p&gt;\r\n&lt;p style=&quot;text-indent: 1.2rem; margin-top: 5px; text-align: justify; line-height: 23.76px; margin-right: 20px; color: #000080; font-family: Verdana, Tahoma, Arial, sans-serif; font-size: 17.6px;&quot;&gt;Ses temples appel&amp;eacute;s M&amp;eacute;gara se trouvaient souvent dans les for&amp;ecirc;ts. Le serpent, animal chtonien par excellence, et le porcelet lui &amp;eacute;taient consacr&amp;eacute;s.&lt;/p&gt;', 'Déméter.jpg', '2022-05-04 00:09:59'),
(6, 1, 'Héraclès', '&lt;p&gt;&lt;strong style=&quot;color: #000080; font-family: Verdana, Tahoma, Arial, sans-serif; font-size: 17.6px; text-align: justify; text-indent: 19.2px;&quot;&gt;H&amp;eacute;racl&amp;egrave;s&lt;/strong&gt;&lt;span style=&quot;color: #000080; font-family: Verdana, Tahoma, Arial, sans-serif; font-size: 17.6px; text-align: justify; text-indent: 19.2px;&quot;&gt;&amp;nbsp;(Gr. Ἡ&amp;rho;&amp;alpha;&amp;kappa;&amp;lambda;ῆ&amp;sigmaf;) est le plus c&amp;eacute;l&amp;egrave;bre h&amp;eacute;ros grec, personnification de la force; il fut identifi&amp;eacute; avec les h&amp;eacute;ros d\"autres pays : le Ph&amp;eacute;nicien Melkarth,&amp;nbsp;&lt;/span&gt;&lt;a style=&quot;color: #9900cc; text-decoration-line: none; font-weight: bold; font-size: 17.6px; font-family: Verdana, Tahoma, Arial, sans-serif; text-align: justify; text-indent: 19.2px;&quot; href=&quot;https://mythologica.fr/celte/ogma.htm&quot;&gt;Ogma&lt;/a&gt;&lt;span style=&quot;color: #000080; font-family: Verdana, Tahoma, Arial, sans-serif; font-size: 17.6px; text-align: justify; text-indent: 19.2px;&quot;&gt;, chez les Celtes,&amp;nbsp;&lt;/span&gt;&lt;a style=&quot;color: #9900cc; text-decoration-line: none; font-weight: bold; font-size: 17.6px; font-family: Verdana, Tahoma, Arial, sans-serif; text-align: justify; text-indent: 19.2px;&quot; href=&quot;https://mythologica.fr/rome/hercule.htm&quot;&gt;Hercule&lt;/a&gt;&lt;span style=&quot;color: #000080; font-family: Verdana, Tahoma, Arial, sans-serif; font-size: 17.6px; text-align: justify; text-indent: 19.2px;&quot;&gt;&amp;nbsp;chez les Latins. Maciste est parfois l\"&amp;eacute;pith&amp;egrave;te d\"H&amp;eacute;racl&amp;egrave;s car ce mot signifie tout simplement &quot;le plus grand, le plus fort&quot;&amp;nbsp;&lt;/span&gt;&lt;span class=&quot;fonte11&quot; style=&quot;font-size: 0.8em; line-height: 16.192px; color: #000080; font-family: Verdana, Tahoma, Arial, sans-serif; text-align: justify; text-indent: 19.2px;&quot;&gt;(Strabon VIII, 3 21)&lt;/span&gt;&lt;span style=&quot;color: #000080; font-family: Verdana, Tahoma, Arial, sans-serif; font-size: 17.6px; text-align: justify; text-indent: 19.2px;&quot;&gt;. A l\"origine il s\"appelait&amp;nbsp;&lt;/span&gt;&lt;span class=&quot;green&quot; style=&quot;color: #007700; font-weight: bold; font-family: Verdana, Tahoma, Arial, sans-serif; font-size: 17.6px; text-align: justify; text-indent: 19.2px;&quot;&gt;Alcide&lt;/span&gt;&lt;span style=&quot;color: #000080; font-family: Verdana, Tahoma, Arial, sans-serif; font-size: 17.6px; text-align: justify; text-indent: 19.2px;&quot;&gt;, (qui est un patronyme tir&amp;eacute; du nom de son grand-p&amp;egrave;re, Alc&amp;eacute;e) et c\"est que plus tard qu\"Apollon ou bien la Pythie de&amp;nbsp;&lt;/span&gt;&lt;a class=&quot;geolien&quot; style=&quot;color: #0066ff; text-decoration-line: none; font-weight: bold; font-size: 17.6px; font-family: Verdana, Tahoma, Arial, sans-serif; text-align: justify; text-indent: 19.2px;&quot; href=&quot;https://mythologica.fr/grec/geo/delphes.htm&quot;&gt;Delphes&lt;/a&gt;&lt;span style=&quot;color: #000080; font-family: Verdana, Tahoma, Arial, sans-serif; font-size: 17.6px; text-align: justify; text-indent: 19.2px;&quot;&gt;,&amp;nbsp;&lt;/span&gt;&lt;a style=&quot;color: #9900cc; text-decoration-line: none; font-weight: bold; font-size: 17.6px; font-family: Verdana, Tahoma, Arial, sans-serif; text-align: justify; text-indent: 19.2px;&quot; href=&quot;https://mythologica.fr/grec/xenoclee.htm&quot;&gt;X&amp;eacute;nocl&amp;eacute;e&lt;/a&gt;&lt;span style=&quot;color: #000080; font-family: Verdana, Tahoma, Arial, sans-serif; font-size: 17.6px; text-align: justify; text-indent: 19.2px;&quot;&gt;, lui donna le nom d\"H&amp;eacute;racl&amp;egrave;s.&lt;/span&gt;&lt;/p&gt;\r\n&lt;p style=&quot;text-indent: 1.2rem; margin-top: 5px; text-align: justify; line-height: 23.76px; margin-right: 20px; color: #000080; font-family: Verdana, Tahoma, Arial, sans-serif; font-size: 17.6px;&quot;&gt;H&amp;eacute;racl&amp;egrave;s descend de&amp;nbsp;&lt;a style=&quot;color: #9900cc; text-decoration-line: none; font-weight: bold; font-size: 1em;&quot; href=&quot;https://mythologica.fr/grec/persee.htm&quot;&gt;Pers&amp;eacute;e&lt;/a&gt;, dont le fils Alc&amp;eacute;e (le fort) donna naissance &amp;agrave; Amphitryon, p&amp;egrave;re nourricier d\"H&amp;eacute;racl&amp;egrave;s. D\"autre part, Electryon (le brillant), autre fils de Pers&amp;eacute;e, &amp;eacute;tait le p&amp;egrave;re d\"Alcm&amp;egrave;ne, (la forte). H&amp;eacute;racl&amp;egrave;s va na&amp;icirc;tre sous le double signe de la force et de la lumi&amp;egrave;re. En fait il a une parent&amp;eacute; divine puisque son p&amp;egrave;re biologique est Zeus qui voulait se donner un fils capable d\"&amp;ecirc;tre pour les Immortels comme pour les mortels un puissant protecteur. Zeus descendit nuitamment dans la ville de&amp;nbsp;&lt;a class=&quot;geolien&quot; style=&quot;color: #0066ff; text-decoration-line: none; font-weight: bold; font-size: 1em;&quot; href=&quot;https://mythologica.fr/grec/geo/thebes.htm&quot;&gt;Th&amp;egrave;bes&lt;/a&gt;; l&amp;agrave;, ayant pris les traits d\"Amphitryon, il s\"unit &amp;agrave; son &amp;eacute;pouse. Lorsqu\"Amphitryon rentra peu apr&amp;egrave;s d\"une exp&amp;eacute;dition victorieuse, il se jeta dans les bras de son &amp;eacute;pouse. De ces deux unions successives, Alcm&amp;egrave;ne allait concevoir deux faux jumeaux: H&amp;eacute;racl&amp;egrave;s et Iphicl&amp;egrave;s.&lt;br /&gt;Sa&amp;nbsp;&lt;a style=&quot;color: #9900cc; text-decoration-line: none; font-weight: bold; font-size: 1em;&quot; href=&quot;https://mythologica.fr/grec/heracles1.htm&quot;&gt;naissance&lt;/a&gt;&amp;nbsp;fut difficile &amp;agrave; cause d\"H&amp;eacute;ra qui qui le retarda et qui n\"h&amp;eacute;sita pas quelques mois plus tard &amp;agrave; envoyer&amp;nbsp;&lt;a style=&quot;color: #9900cc; text-decoration-line: none; font-weight: bold; font-size: 1em;&quot; href=&quot;https://mythologica.fr/grec/heracles2.htm&quot;&gt;deux serpents&lt;/a&gt;&amp;nbsp;pour le d&amp;eacute;vorer dans son berceau ; mais il les &amp;eacute;touffa &amp;agrave; mains nues.&lt;/p&gt;\r\n&lt;p style=&quot;text-indent: 1.2rem; margin-top: 5px; text-align: justify; line-height: 23.76px; margin-right: 20px; color: #000080; font-family: Verdana, Tahoma, Arial, sans-serif; font-size: 17.6px;&quot;&gt;&amp;nbsp;&lt;/p&gt;\r\n&lt;p style=&quot;text-indent: 1.2rem; margin-top: 5px; text-align: justify; line-height: 23.76px; margin-right: 20px; color: #000080; font-family: Verdana, Tahoma, Arial, sans-serif; font-size: 17.6px;&quot;&gt;Il re&amp;ccedil;ut ensuite une solide&amp;nbsp;&lt;a style=&quot;color: #9900cc; text-decoration-line: none; font-weight: bold; font-size: 1em;&quot; href=&quot;https://mythologica.fr/grec/heracles3.htm&quot;&gt;&amp;eacute;ducation&lt;/a&gt;&amp;nbsp;tant militaire, sportive qu\"artistique mais ce fut un &amp;eacute;l&amp;egrave;ve difficile puisqu\"il tua son professeur de musique.&lt;/p&gt;\r\n&lt;p style=&quot;text-indent: 1.2rem; margin-top: 5px; text-align: justify; line-height: 23.76px; margin-right: 20px; color: #000080; font-family: Verdana, Tahoma, Arial, sans-serif; font-size: 17.6px;&quot;&gt;Lorsqu\"il eut atteint sa dix-huiti&amp;egrave;me ann&amp;eacute;e H&amp;eacute;racl&amp;egrave;s fut envoy&amp;eacute; &amp;agrave; la campagne o&amp;ugrave; il entreprit de tuer le lion de Cith&amp;eacute;ron qui d&amp;eacute;cimait les troupeaux d\"Amphitryon et de son voisin, le roi&amp;nbsp;&lt;a style=&quot;color: #9900cc; text-decoration-line: none; font-weight: bold; font-size: 1em;&quot; href=&quot;https://mythologica.fr/grec/thespios.htm&quot;&gt;Thespios&lt;/a&gt;.&lt;/p&gt;\r\n&lt;p style=&quot;text-indent: 1.2rem; margin-top: 5px; text-align: justify; line-height: 23.76px; margin-right: 20px; color: #000080; font-family: Verdana, Tahoma, Arial, sans-serif; font-size: 17.6px;&quot;&gt;&lt;span style=&quot;font-size: 17.6px; text-indent: 19.2px;&quot;&gt;Il re&amp;ccedil;ut en cadeau une &amp;eacute;p&amp;eacute;e de la part d\"Herm&amp;egrave;s, un arc et des fl&amp;egrave;ches de la part d\"Apollon, un plastron dor&amp;eacute; d\"H&amp;eacute;pha&amp;iuml;stos et Ath&amp;eacute;na lui remit une tunique. Mais g&amp;eacute;n&amp;eacute;ralement H&amp;eacute;racl&amp;egrave;s est facilement reconnaissable &amp;agrave; la peau de lion qui le couvre et &amp;agrave; sa massue.&lt;/span&gt;&lt;br style=&quot;font-size: 17.6px; text-indent: 19.2px;&quot; /&gt;&lt;span style=&quot;font-size: 17.6px; text-indent: 19.2px;&quot;&gt;Arm&amp;eacute; de sa massue, il extermina &amp;agrave; travers le monde, des brigands et des monstres de toutes sortes, il combattit des tyrans, et les dieux eux-m&amp;ecirc;mes. Sur la fiche &quot;&lt;/span&gt;&lt;a style=&quot;color: #9900cc; text-decoration-line: none; font-weight: bold; font-size: 17.6px; text-indent: 19.2px;&quot; href=&quot;https://mythologica.fr/grec/heracles5.htm&quot;&gt;Autour d\"H&amp;eacute;racl&amp;egrave;s&lt;/a&gt;&lt;span style=&quot;font-size: 17.6px; text-indent: 19.2px;&quot;&gt;&quot; vous trouverez la liste de tous ceux qui se trouvent m&amp;ecirc;l&amp;eacute;s aux affaires du h&amp;eacute;ros dont voici un petit r&amp;eacute;capitulatif.&lt;/span&gt;&lt;/p&gt;', 'Héraclès.jpg', '2022-05-04 00:12:07');
INSERT INTO `articles` (`id_article`, `id_user`, `titre_article`, `contenu_article`, `image_article`, `date_article`) VALUES
(7, 2, 'Aphrodite', '&lt;p&gt;&lt;strong style=&quot;color: #000080; font-family: Verdana, Tahoma, Arial, sans-serif; font-size: 17.6px; text-align: justify; text-indent: 19.2px;&quot;&gt;Aphrodite&lt;/strong&gt;&lt;span style=&quot;color: #000080; font-family: Verdana, Tahoma, Arial, sans-serif; font-size: 17.6px; text-align: justify; text-indent: 19.2px;&quot;&gt;&amp;nbsp;(gr. &amp;Alpha;&amp;phi;&amp;rho;&amp;omicron;&amp;delta;&amp;iota;&amp;tau;&amp;eta;, lat. Aphrodita) est la d&amp;eacute;esse de la Beaut&amp;eacute;, de l\"Amour, du Plaisir et de la Procr&amp;eacute;ation.&lt;/span&gt;&lt;br style=&quot;color: #000080; font-family: Verdana, Tahoma, Arial, sans-serif; font-size: 17.6px; text-align: justify; text-indent: 19.2px;&quot; /&gt;&lt;span style=&quot;color: #000080; font-family: Verdana, Tahoma, Arial, sans-serif; font-size: 17.6px; text-align: justify; text-indent: 19.2px;&quot;&gt;Elle fait partie des douze grands dieux&amp;nbsp;&lt;/span&gt;&lt;a style=&quot;color: #9900cc; text-decoration-line: none; font-weight: bold; font-size: 17.6px; font-family: Verdana, Tahoma, Arial, sans-serif; text-align: justify; text-indent: 19.2px;&quot; href=&quot;https://mythologica.fr/grec/olympien.htm&quot;&gt;Olympiens&lt;/a&gt;&lt;span style=&quot;color: #000080; font-family: Verdana, Tahoma, Arial, sans-serif; font-size: 17.6px; text-align: justify; text-indent: 19.2px;&quot;&gt;&amp;nbsp;et elle a une place tr&amp;egrave;s importante dans les r&amp;eacute;cits mythologiques et po&amp;eacute;tiques.&lt;/span&gt;&lt;br style=&quot;color: #000080; font-family: Verdana, Tahoma, Arial, sans-serif; font-size: 17.6px; text-align: justify; text-indent: 19.2px;&quot; /&gt;&lt;span style=&quot;color: #000080; font-family: Verdana, Tahoma, Arial, sans-serif; font-size: 17.6px; text-align: justify; text-indent: 19.2px;&quot;&gt;Elle fut assimil&amp;eacute;e &amp;agrave;&amp;nbsp;&lt;/span&gt;&lt;a style=&quot;color: #9900cc; text-decoration-line: none; font-weight: bold; font-size: 17.6px; font-family: Verdana, Tahoma, Arial, sans-serif; text-align: justify; text-indent: 19.2px;&quot; href=&quot;https://mythologica.fr/rome/venus.htm&quot; target=&quot;_blank&quot; rel=&quot;noopener&quot;&gt;V&amp;eacute;nus&lt;/a&gt;&lt;span style=&quot;color: #000080; font-family: Verdana, Tahoma, Arial, sans-serif; font-size: 17.6px; text-align: justify; text-indent: 19.2px;&quot;&gt;&amp;nbsp;chez les Romains.&lt;/span&gt;&lt;/p&gt;\r\n&lt;p&gt;&lt;span style=&quot;color: #000080; font-family: Verdana, Tahoma, Arial, sans-serif; font-size: 17.6px; text-align: justify; text-indent: 19.2px;&quot;&gt;Ses&amp;nbsp;fonctions&amp;nbsp;et ses &amp;eacute;pith&amp;egrave;tes &amp;eacute;taient tr&amp;egrave;s vari&amp;eacute;es et refl&amp;egrave;tent les trois principaux aspects de la d&amp;eacute;esse : terrestre, marine et c&amp;eacute;leste.&lt;/span&gt;&lt;br style=&quot;color: #000080; font-family: Verdana, Tahoma, Arial, sans-serif; font-size: 17.6px; text-align: justify; text-indent: 19.2px;&quot; /&gt;&lt;span style=&quot;color: #000080; font-family: Verdana, Tahoma, Arial, sans-serif; font-size: 17.6px; text-align: justify; text-indent: 19.2px;&quot;&gt;Elle &amp;eacute;tait &amp;agrave; la fois la d&amp;eacute;esse de l\"amour c&amp;eacute;leste (Ourania ou Urania; Aphrodite fut ador&amp;eacute;e sous ce nom &amp;agrave; Argos,&amp;nbsp;&lt;/span&gt;&lt;a class=&quot;geolien&quot; style=&quot;color: #0066ff; text-decoration-line: none; font-weight: bold; font-size: 17.6px; font-family: Verdana, Tahoma, Arial, sans-serif; text-align: justify; text-indent: 19.2px;&quot; href=&quot;https://mythologica.fr/grec/geo/athenes.htm&quot;&gt;Ath&amp;egrave;nes&lt;/a&gt;&lt;span style=&quot;color: #000080; font-family: Verdana, Tahoma, Arial, sans-serif; font-size: 17.6px; text-align: justify; text-indent: 19.2px;&quot;&gt;&amp;nbsp;et Scyon. Elle y appara&amp;icirc;t sous les traits d\"une d&amp;eacute;esse digne et grave), d&amp;eacute;esse du mariage (Nymphia), ou protectrice des courtisanes (H&amp;eacute;ta&amp;iuml;ra), la d&amp;eacute;esse marine (Pontia), ou protectrice des acropoles (Akraia).&lt;/span&gt;&lt;/p&gt;\r\n&lt;p style=&quot;text-indent: 1.2rem; margin-top: 5px; text-align: justify; line-height: 23.76px; margin-right: 20px; color: #000080; font-family: Verdana, Tahoma, Arial, sans-serif; font-size: 17.6px;&quot;&gt;Elle avait pour attributs:&lt;br /&gt;- des plantes ou des fruits comme le myrte, la pomme ou la grenade;&lt;br /&gt;- des animaux de nature ardente ou prolifique, comme le b&amp;eacute;lier, le bouc, le li&amp;egrave;vre, le cygne, la tourterelle ou la colombe qu\"elle utilisait pour tirer son char.&lt;/p&gt;\r\n&lt;p style=&quot;text-indent: 1.2rem; margin-top: 5px; text-align: justify; line-height: 23.76px; margin-right: 20px; color: #000080; font-family: Verdana, Tahoma, Arial, sans-serif; font-size: 17.6px;&quot;&gt;Elle&amp;nbsp;portait&amp;nbsp;une ceinture magique, (&lt;span class=&quot;green&quot; style=&quot;color: #007700; font-weight: bold;&quot;&gt;cestus&lt;/span&gt;) brod&amp;eacute;e d\"or, cadeau de mariage de Zeus, qu\"elle pr&amp;ecirc;tait parfois &amp;agrave; H&amp;eacute;ra pour raviver l\"amour de son &amp;eacute;poux volage. Cette ceinture est capable de susciter le d&amp;eacute;sir instantan&amp;eacute;ment.&lt;/p&gt;\r\n&lt;p style=&quot;text-indent: 1.2rem; margin-top: 5px; text-align: justify; line-height: 23.76px; margin-right: 20px; color: #000080; font-family: Verdana, Tahoma, Arial, sans-serif; font-size: 17.6px;&quot;&gt;Dans la Th&amp;eacute;ogonie, elle est n&amp;eacute;e de l\"&amp;eacute;cume des flots&amp;nbsp;&lt;span class=&quot;fonte11&quot; style=&quot;font-size: 0.8em; line-height: 16.192px;&quot;&gt;(aphros = &amp;eacute;cume)&lt;/span&gt;&amp;nbsp;apr&amp;egrave;s la mutilation d\"&lt;a style=&quot;color: #9900cc; text-decoration-line: none; font-weight: bold; font-size: 1em;&quot; href=&quot;https://mythologica.fr/grec/ouranos.htm&quot;&gt;Ouranos&lt;/a&gt;&amp;nbsp;par&amp;nbsp;&lt;a style=&quot;color: #9900cc; text-decoration-line: none; font-weight: bold; font-size: 1em;&quot; href=&quot;https://mythologica.fr/grec/cronos.htm&quot;&gt;Cronos&lt;/a&gt;.&lt;br /&gt;Aphrodite surgit nue de l\"&amp;eacute;cume de la mer, chevaucha une conque aborda d\"abord sur l\"&amp;icirc;le de Cyth&amp;egrave;re, mais comme c\"&amp;eacute;tait une toute petite &amp;icirc;le, elle se rendit dans le P&amp;eacute;loponn&amp;egrave;se et finalement s\"installa &amp;agrave; Paphos, dans l\"&amp;icirc;le de Chypre, qui allait devenir son centre de culte principal. A Paphos, les Saisons, filles de Th&amp;eacute;mis, se h&amp;acirc;t&amp;egrave;rent de la v&amp;ecirc;tir et de la parer.&lt;br /&gt;Quand elle parut dans l\"Olympe tous les dieux, mais beaucoup moins les d&amp;eacute;esses, furent stup&amp;eacute;faits d\"admiration : jamais une telle beaut&amp;eacute; n\"avait &amp;eacute;t&amp;eacute; admir&amp;eacute;e: sa peau &amp;eacute;tait de la blancheur du lait, ses cheveux comme une rivi&amp;egrave;re d\"or liquide, ses yeux &amp;eacute;tincelaient comme des &amp;eacute;toiles, ses formes &amp;eacute;taient parfaites et elle exhalait un parfum suave de fleur.&lt;/p&gt;\r\n&lt;p style=&quot;text-indent: 1.2rem; margin-top: 5px; text-align: justify; line-height: 23.76px; margin-right: 20px; color: #000080; font-family: Verdana, Tahoma, Arial, sans-serif; font-size: 17.6px;&quot;&gt;De cette double naissance provient peut &amp;ecirc;tre la double personnalit&amp;eacute; d\"Aphrodite, d&amp;eacute;esse de l\"amour c&amp;eacute;leste et d&amp;eacute;esse de l\"amour physique.&lt;/p&gt;', 'Aphrodite.jpg', '2022-05-04 00:19:32'),
(8, 2, 'Artémis', '&lt;p style=&quot;text-indent: 1.2rem; margin-top: 5px; text-align: justify; line-height: 23.76px; margin-right: 20px; color: #000080; font-family: Verdana, Tahoma, Arial, sans-serif; font-size: 17.6px;&quot;&gt;&lt;strong&gt;Art&amp;eacute;mis&lt;/strong&gt;&amp;nbsp;(Gr. A&amp;rho;&amp;tau;&amp;epsilon;&amp;mu;&amp;iota;&amp;sigmaf;; Lat. Artemis) &amp;eacute;tait une des grandes divinit&amp;eacute;s du panth&amp;eacute;on grec, qui sera identifi&amp;eacute;e plus tard &amp;agrave;&amp;nbsp;&lt;a style=&quot;color: #9900cc; text-decoration-line: none; font-weight: bold; font-size: 1em;&quot; href=&quot;https://mythologica.fr/rome/diane.htm&quot;&gt;Diane&lt;/a&gt;&amp;nbsp;chez les Romains. Fille de&amp;nbsp;&lt;a style=&quot;color: #9900cc; text-decoration-line: none; font-weight: bold; font-size: 1em;&quot; href=&quot;https://mythologica.fr/grec/zeus.htm&quot;&gt;Zeus&lt;/a&gt;&amp;nbsp;et de&amp;nbsp;&lt;a style=&quot;color: #9900cc; text-decoration-line: none; font-weight: bold; font-size: 1em;&quot; href=&quot;https://mythologica.fr/grec/leto.htm&quot;&gt;L&amp;eacute;to&lt;/a&gt;, elle &amp;eacute;tait la s&amp;oelig;ur jumelle d\"&lt;a style=&quot;color: #9900cc; text-decoration-line: none; font-weight: bold; font-size: 1em;&quot; href=&quot;https://mythologica.fr/grec/apollon.htm&quot;&gt;Apollon&lt;/a&gt;&amp;nbsp;et souvent associ&amp;eacute;e &amp;agrave; ses exploits.&lt;/p&gt;\r\n&lt;p style=&quot;text-indent: 1.2rem; margin-top: 5px; text-align: justify; line-height: 23.76px; margin-right: 20px; color: #000080; font-family: Verdana, Tahoma, Arial, sans-serif; font-size: 17.6px;&quot;&gt;Elle fait partie des douze&amp;nbsp;&lt;a style=&quot;color: #9900cc; text-decoration-line: none; font-weight: bold; font-size: 1em;&quot; href=&quot;https://mythologica.fr/grec/olympien.htm&quot;&gt;Olympiens&lt;/a&gt;. En r&amp;eacute;alit&amp;eacute;, il y eut sous ce nom plusieurs divinit&amp;eacute;s tr&amp;egrave;s diff&amp;eacute;rentes: l\"Art&amp;eacute;mis hell&amp;eacute;nique, d&amp;eacute;esse lunaire, est bien diff&amp;eacute;rente de l\"Art&amp;eacute;mis sanguinaire de Tauride&lt;/p&gt;\r\n&lt;p style=&quot;text-indent: 1.2rem; margin-top: 5px; text-align: justify; line-height: 23.76px; margin-right: 20px; color: #000080; font-family: Verdana, Tahoma, Arial, sans-serif; font-size: 17.6px;&quot;&gt;Belle&amp;nbsp;et&amp;nbsp;grande jeune femme aux boucles d\"or&amp;nbsp;&lt;span class=&quot;fonte11&quot; style=&quot;font-size: 0.8em; line-height: 16.192px;&quot;&gt;(Hippolyte, Euripide, 73 sqq.)&lt;/span&gt;&amp;nbsp;qui d&amp;eacute;passait d\"une t&amp;ecirc;te toutes ses suivantes, Art&amp;eacute;mis se plaisait dans les champs, dans les bois et pr&amp;egrave;s des sources&amp;nbsp; elle aimait la chasse, et poursuivait les b&amp;ecirc;tes fauves. Elle &amp;eacute;tait la d&amp;eacute;esse de la Chasse mais aussi la patronne des animaux sauvages.&lt;/p&gt;\r\n&lt;p style=&quot;text-indent: 1.2rem; margin-top: 5px; text-align: justify; line-height: 23.76px; margin-right: 20px; color: #000080; font-family: Verdana, Tahoma, Arial, sans-serif; font-size: 17.6px;&quot;&gt;Farouche et vindicative, les anciens lui attribuaient certaines morts comme celles des femmes en couches ou des morts subites.&lt;/p&gt;\r\n&lt;p style=&quot;text-indent: 1.2rem; margin-top: 5px; text-align: justify; line-height: 23.76px; margin-right: 20px; color: #000080; font-family: Verdana, Tahoma, Arial, sans-serif; font-size: 17.6px;&quot;&gt;C\"est la d&amp;eacute;esse des jeunes filles vierges qui lui consacrent les objets chers de leur adolescence.&lt;/p&gt;\r\n&lt;p style=&quot;text-indent: 1.2rem; margin-top: 5px; text-align: justify; line-height: 23.76px; margin-right: 20px; color: #000080; font-family: Verdana, Tahoma, Arial, sans-serif; font-size: 17.6px;&quot;&gt;&lt;span style=&quot;font-size: 17.6px; text-indent: 19.2px;&quot;&gt;Elle aussi pr&amp;eacute;sidait au chant, escort&amp;eacute;e par les Muses, les Charites ou les Nymphes.&lt;/span&gt;&lt;br style=&quot;font-size: 17.6px; text-indent: 19.2px;&quot; /&gt;&lt;span style=&quot;font-size: 17.6px; text-indent: 19.2px;&quot;&gt;Elle &amp;eacute;tait la d&amp;eacute;esse protectrice des Amazones qui &amp;eacute;taient, comme elle, chasseresses et ind&amp;eacute;pendantes du joug des hommes.&lt;/span&gt;&lt;br style=&quot;font-size: 17.6px; text-indent: 19.2px;&quot; /&gt;&lt;span style=&quot;font-size: 17.6px; text-indent: 19.2px;&quot;&gt;Elle &amp;eacute;tait aussi la protectrice des jeunes enfants et des jeunes animaux.&lt;/span&gt;&lt;/p&gt;\r\n&lt;p style=&quot;text-indent: 1.2rem; margin-top: 5px; text-align: justify; line-height: 23.76px; margin-right: 20px; color: #000080; font-family: Verdana, Tahoma, Arial, sans-serif; font-size: 17.6px;&quot;&gt;Ses attributs sont l\"arc d\"or, les fl&amp;egrave;ches, le carquois ou encore la torche (statues du Vatican) et le croissant de lune qui ornait son front.&lt;br /&gt;Son char &amp;eacute;tait tir&amp;eacute; par quatre cerfs aux bois dor&amp;eacute;s.&lt;/p&gt;\r\n&lt;p style=&quot;text-indent: 1.2rem; margin-top: 5px; text-align: justify; line-height: 23.76px; margin-right: 20px; color: #000080; font-family: Verdana, Tahoma, Arial, sans-serif; font-size: 17.6px;&quot;&gt;Le chien, le cerf ou la biche, la ch&amp;egrave;vre, le taureau, la tortue &amp;eacute;taient souvent repr&amp;eacute;sent&amp;eacute;s &amp;agrave; ses c&amp;ocirc;t&amp;eacute;s.&lt;/p&gt;', 'Artémis.jpg', '2022-05-04 00:23:19'),
(9, 2, 'Dionysos', '&lt;p&gt;&lt;strong style=&quot;color: #000080; font-family: Verdana, Tahoma, Arial, sans-serif; font-size: 17.6px; text-align: justify; text-indent: 19.2px;&quot;&gt;Dionysos&lt;/strong&gt;&lt;span style=&quot;color: #000080; font-family: Verdana, Tahoma, Arial, sans-serif; font-size: 17.6px; text-align: justify; text-indent: 19.2px;&quot;&gt;&amp;nbsp;(Gr. &amp;Delta;&amp;iota;&amp;omicron;&amp;nu;&amp;upsilon;&amp;sigma;&amp;omicron;&amp;sigmaf;; Lat. Dionysus) qu\"on retrouve sous le nom de&amp;nbsp;&lt;/span&gt;&lt;a style=&quot;color: #9900cc; text-decoration-line: none; font-weight: bold; font-size: 17.6px; font-family: Verdana, Tahoma, Arial, sans-serif; text-align: justify; text-indent: 19.2px;&quot; href=&quot;https://mythologica.fr/rome/bacchus.htm&quot;&gt;Bacchus&lt;/a&gt;&lt;span style=&quot;color: #000080; font-family: Verdana, Tahoma, Arial, sans-serif; font-size: 17.6px; text-align: justify; text-indent: 19.2px;&quot;&gt;&amp;nbsp;chez les romains et qui fut assimil&amp;eacute; &amp;agrave; une ancienne divinit&amp;eacute; italique, Liber Pater, est une divinit&amp;eacute; complexe de l\"ancienne Gr&amp;egrave;ce.&lt;/span&gt;&lt;/p&gt;\r\n&lt;p style=&quot;text-indent: 1.2rem; margin-top: 5px; text-align: justify; line-height: 23.76px; margin-right: 20px; color: #000080; font-family: Verdana, Tahoma, Arial, sans-serif; font-size: 17.6px;&quot;&gt;On a longtemps pens&amp;eacute; que son culte &amp;eacute;tait r&amp;eacute;cent mais la d&amp;eacute;couverte des tablettes myc&amp;eacute;niennes de Pylos remettent en question cette id&amp;eacute;e.&lt;br /&gt;&lt;br /&gt;Il ne faisait pas partie des douze&amp;nbsp;&lt;a style=&quot;color: #9900cc; text-decoration-line: none; font-weight: bold; font-size: 1em;&quot; href=&quot;https://mythologica.fr/grec/olympien.htm&quot;&gt;Olympiens&amp;nbsp;&lt;/a&gt;&amp;agrave; l\"origine, mais&amp;nbsp;&lt;a style=&quot;color: #9900cc; text-decoration-line: none; font-weight: bold; font-size: 1em;&quot; href=&quot;https://mythologica.fr/grec/hestia.htm&quot;&gt;Hestia&lt;/a&gt;&amp;nbsp;lui c&amp;eacute;da sa place.&lt;/p&gt;\r\n&lt;div class=&quot;pubright&quot; style=&quot;float: right; text-align: center; padding: 5px 1px 4px 10px; color: #000080; font-family: Verdana, Tahoma, Arial, sans-serif; font-size: 17.6px;&quot;&gt;&amp;nbsp;&lt;/div&gt;\r\n&lt;p style=&quot;text-indent: 1.2rem; margin-top: 5px; text-align: justify; line-height: 23.76px; margin-right: 20px; color: #000080; font-family: Verdana, Tahoma, Arial, sans-serif; font-size: 17.6px;&quot;&gt;La complexit&amp;eacute; de sa divinit&amp;eacute; se traduit par un grand nombre de surnoms et d\"&amp;eacute;pith&amp;egrave;tes :&lt;br /&gt;&amp;bull; Nysaios: de Nysa&lt;br /&gt;&amp;bull; Bromios: bruyant&lt;br /&gt;&amp;bull; Dithurambos : Cantique consacr&amp;eacute; &amp;agrave; Dionysos dans&amp;eacute; et chant&amp;eacute; par des choristes d&amp;eacute;guis&amp;eacute;s en satyres&lt;br /&gt;&amp;bull; Evios : cri lanc&amp;eacute; lors des bacchanales&lt;br /&gt;&amp;bull; Bakkhos : (Bacchus) &quot;qui retentit&quot;&lt;br /&gt;&amp;bull; Zagreus,&lt;br /&gt;&amp;bull; Sabazios : dieu phrygien&lt;/p&gt;\r\n&lt;p style=&quot;text-indent: 1.2rem; margin-top: 5px; text-align: justify; line-height: 23.76px; margin-right: 20px; color: #000080; font-family: Verdana, Tahoma, Arial, sans-serif; font-size: 17.6px;&quot;&gt;Dionysos est avant tout le dieu de la vigne et du vin sans en &amp;ecirc;tre toutefois l\"inventeur puisque Hom&amp;egrave;re fait dire &amp;agrave; Ulysse qu\"il &amp;eacute;tait redevable &amp;agrave;&amp;nbsp;&lt;span class=&quot;green&quot; style=&quot;color: #007700; font-weight: bold;&quot;&gt;Maron&lt;/span&gt;, fils d\"Evanthe et pr&amp;ecirc;tre d\"Apollon de la ville d\"Ismaros de lui avoir fourni une outre remplie de vin qui lui servira &amp;agrave; &amp;eacute;nivrer Polyph&amp;egrave;me.&lt;/p&gt;\r\n&lt;p style=&quot;text-indent: 1.2rem; margin-top: 5px; text-align: justify; line-height: 23.76px; margin-right: 20px; color: #000080; font-family: Verdana, Tahoma, Arial, sans-serif; font-size: 17.6px;&quot;&gt;Dionysos a aussi jou&amp;eacute; un r&amp;ocirc;le important dans la culture grecque antique car il &amp;eacute;tait le patron de deux grands festivals d\"art dramatique, les L&amp;eacute;n&amp;eacute;ennes et les Dionysies urbaines.&lt;br /&gt;Mais c\"est aussi le dieu des extases et des myst&amp;egrave;res.&lt;/p&gt;\r\n&lt;p style=&quot;text-indent: 1.2rem; margin-top: 5px; text-align: justify; line-height: 23.76px; margin-right: 20px; color: #000080; font-family: Verdana, Tahoma, Arial, sans-serif; font-size: 17.6px;&quot;&gt;En fonctions des lieux, les l&amp;eacute;gendes divergent grandement sur l\"identit&amp;eacute; de la m&amp;egrave;re. Diodore a rassembl&amp;eacute; plusieurs versions qui en font le fils &amp;nbsp;de D&amp;eacute;m&amp;eacute;ter/C&amp;eacute;r&amp;egrave;s ou d\"Arg&amp;eacute;, ou d\"Io ; mais Zeus passe aussi pour l\"avoir eu de Pers&amp;eacute;phone ou d\"Isis.&lt;/p&gt;\r\n&lt;p style=&quot;text-indent: 1.2rem; margin-top: 5px; text-align: justify; line-height: 23.76px; margin-right: 20px; color: #000080; font-family: Verdana, Tahoma, Arial, sans-serif; font-size: 17.6px;&quot;&gt;D\"autres auteurs le font fils de L&amp;eacute;th&amp;eacute;; Philostrate lui donne pour p&amp;egrave;re Indus, et une autre tradition lui donne pour p&amp;egrave;re &amp;nbsp;Ammon, qui l\"aurait eu d\"Amalth&amp;eacute;e.&lt;br /&gt;Le lieu de naissance du dieu est aussi peu certain que le nom de sa m&amp;egrave;re ; il aurait &amp;eacute;t&amp;eacute; transport&amp;eacute;, suivant les traditions locales, de&amp;nbsp;&lt;a class=&quot;geolien&quot; style=&quot;color: #0066ff; text-decoration-line: none; font-weight: bold; font-size: 1em;&quot; href=&quot;https://mythologica.fr/grec/geo/thebes.htm&quot;&gt;Th&amp;egrave;bes&lt;/a&gt;&amp;nbsp;aux Indes, en Libye, en Cr&amp;egrave;te, &amp;agrave; Dracanum, &amp;agrave; Naxos, &amp;agrave; &amp;Eacute;lis, &amp;agrave; &amp;Eacute;leuth&amp;egrave;re ou &amp;agrave; T&amp;eacute;os.&lt;br /&gt;Toutefois selon la l&amp;eacute;gende la plus accr&amp;eacute;dit&amp;eacute;e, il &amp;eacute;tait fils de Zeus et de&amp;nbsp;&lt;a style=&quot;color: #9900cc; text-decoration-line: none; font-weight: bold; font-size: 1em;&quot; href=&quot;https://mythologica.fr/grec/semele.htm&quot;&gt;S&amp;eacute;m&amp;eacute;l&amp;eacute;&lt;/a&gt;, la fille de Cadmos et d\"Hermione, qui fut consum&amp;eacute;e pour avoir voulu voir son divin amant dans toute sa splendeur comme le lui avait sournoisement sugg&amp;eacute;r&amp;eacute; H&amp;eacute;ra, toujours aussi jalouse des conqu&amp;ecirc;tes de son &amp;eacute;poux volage et qui avait pris l\"apparence de&amp;nbsp;&lt;span class=&quot;green&quot; style=&quot;color: #007700; font-weight: bold;&quot;&gt;B&amp;eacute;ro&amp;eacute;&lt;/span&gt;, la vieille nourrice de S&amp;eacute;m&amp;eacute;l&amp;eacute;.&lt;/p&gt;\r\n&lt;p style=&quot;text-indent: 1.2rem; margin-top: 5px; text-align: justify; line-height: 23.76px; margin-right: 20px; color: #000080; font-family: Verdana, Tahoma, Arial, sans-serif; font-size: 17.6px;&quot;&gt;Apollonius dit que ce fut Herm&amp;egrave;s ou la nymphe&amp;nbsp;&lt;span class=&quot;green&quot; style=&quot;color: #007700; font-weight: bold;&quot;&gt;Dirc&amp;eacute;&lt;/span&gt;, fille du dieu-fleuve Ach&amp;eacute;loos, qui pr&amp;eacute;serva tr&amp;egrave;s rapidement le petit b&amp;eacute;b&amp;eacute; des flammes. Le b&amp;eacute;b&amp;eacute;, dont le terme n\"&amp;eacute;tait pas arriv&amp;eacute; fut enferm&amp;eacute; durant quelques mois de gestation qui restaient dans la cuisse de Zeus, d\"o&amp;ugrave; il sortit au jour fix&amp;eacute;: aussi disait-on qu\"il &amp;eacute;tait n&amp;eacute; deux fois. D\"o&amp;ugrave; l\"expression fran&amp;ccedil;aise &quot;&lt;em&gt;sortir de la cuisse de Jupiter&lt;/em&gt;&quot;&lt;/p&gt;\r\n&lt;p style=&quot;text-indent: 1.2rem; margin-top: 5px; text-align: justify; line-height: 23.76px; margin-right: 20px; color: #000080; font-family: Verdana, Tahoma, Arial, sans-serif; font-size: 17.6px;&quot;&gt;On racontait dans le P&amp;eacute;loponn&amp;egrave;se, que Cadmos, inform&amp;eacute; de la grossesse de sa fille S&amp;eacute;m&amp;eacute;l&amp;eacute;, la fit enfermer dans un coffre avec son enfant et jeter &amp;agrave; la mer. Le coffre fut pouss&amp;eacute; par les flots sur les c&amp;ocirc;tes de Brasies et les habitants trouv&amp;egrave;rent la m&amp;egrave;re morte; mais l\"enfant respirait encore, et fut emport&amp;eacute; par&amp;nbsp;&lt;a style=&quot;color: #9900cc; text-decoration-line: none; font-weight: bold; font-size: 1em;&quot; href=&quot;https://mythologica.fr/grec/ino.htm&quot;&gt;Ino&lt;/a&gt;, qui l\"&amp;eacute;leva dans une grotte. La plaine o&amp;ugrave; l\"on avait trouv&amp;eacute; le coffre conserva le nom de Jardin de Dionysos. (l&amp;eacute;gende qui ressemble &amp;agrave; celle de&amp;nbsp;&lt;a style=&quot;color: #9900cc; text-decoration-line: none; font-weight: bold; font-size: 1em;&quot; href=&quot;https://mythologica.fr/grec/danae.htm&quot;&gt;Danae&lt;/a&gt;&amp;nbsp;et de Pers&amp;eacute;e)&lt;/p&gt;\r\n&lt;p style=&quot;text-indent: 1.2rem; margin-top: 5px; text-align: justify; line-height: 23.76px; margin-right: 20px; color: #000080; font-family: Verdana, Tahoma, Arial, sans-serif; font-size: 17.6px;&quot;&gt;Dans un autre r&amp;eacute;cit , sur l\"ordre d\"H&amp;eacute;ra, les Titans s\"empar&amp;egrave;rent du nouveau-n&amp;eacute; et le coup&amp;egrave;rent en petits morceaux qu\"ils firent bouillir dans un chaudron; mais, secouru et reconstitu&amp;eacute; par sa grand-m&amp;egrave;re Rh&amp;eacute;a, Dionysos revint &amp;agrave; la vie.&amp;nbsp;&lt;a style=&quot;color: #9900cc; text-decoration-line: none; font-weight: bold; font-size: 1em;&quot; href=&quot;https://mythologica.fr/grec/persephone.htm&quot;&gt;Pers&amp;eacute;phone&lt;/a&gt;, &amp;agrave; qui Zeus l\"avait confi&amp;eacute;, l\"amena &amp;agrave; la cour du roi&amp;nbsp;&lt;a style=&quot;color: #9900cc; text-decoration-line: none; font-weight: bold; font-size: 1em;&quot; href=&quot;https://mythologica.fr/grec/athamas.htm&quot;&gt;Athamas&lt;/a&gt;&amp;nbsp;d\"Orchom&amp;egrave;ne et de sa femme&amp;nbsp;&lt;a style=&quot;color: #9900cc; text-decoration-line: none; font-weight: bold; font-size: 1em;&quot; href=&quot;https://mythologica.fr/grec/ino.htm&quot;&gt;Ino&lt;/a&gt;, soeur de S&amp;eacute;m&amp;eacute;l&amp;eacute;; elle leur recommanda de l\"&amp;eacute;lever dans le quartier des femmes, d&amp;eacute;guis&amp;eacute; en fille. Mais on ne pouvait tromper H&amp;eacute;ra et elle punit les &amp;eacute;poux royaux en les rendant fous.&lt;/p&gt;\r\n&lt;p style=&quot;text-indent: 1.2rem; margin-top: 5px; text-align: justify; line-height: 23.76px; margin-right: 20px; color: #000080; font-family: Verdana, Tahoma, Arial, sans-serif; font-size: 17.6px;&quot;&gt;Herm&amp;egrave;s le transforma provisoirement en chevreau ou en cerf, et le porta chez les nymphes du mont Nysa (Dionysos signifie &quot;&lt;em&gt;dieu de Nysa&lt;/em&gt;&quot;)&amp;nbsp;&lt;span class=&quot;green&quot; style=&quot;color: #007700; font-weight: bold;&quot;&gt;Macris&lt;/span&gt;,&amp;nbsp;&lt;span class=&quot;green&quot; style=&quot;color: #007700; font-weight: bold;&quot;&gt;Nysa&lt;/span&gt;,&amp;nbsp;&lt;span class=&quot;green&quot; style=&quot;color: #007700; font-weight: bold;&quot;&gt;Erato&lt;/span&gt;,&amp;nbsp;&lt;span class=&quot;green&quot; style=&quot;color: #007700; font-weight: bold;&quot;&gt;Bromie&lt;/span&gt;&amp;nbsp;et&amp;nbsp;&lt;span class=&quot;green&quot; style=&quot;color: #007700; font-weight: bold;&quot;&gt;Bacch&amp;eacute;&lt;/span&gt;&amp;nbsp;s\"occup&amp;egrave;rent fort bien de lui. En r&amp;eacute;compense, Zeus les pla&amp;ccedil;a par la suite parmi les &amp;eacute;toiles sous le nom d\"&lt;a style=&quot;color: #9900cc; text-decoration-line: none; font-weight: bold; font-size: 1em;&quot; href=&quot;https://mythologica.fr/grec/hyades.htm&quot;&gt;Hyades&lt;/a&gt;.&lt;/p&gt;', 'Dionysos.jpg', '2022-05-04 00:24:34'),
(10, 2, 'Gaïa', '&lt;p&gt;&lt;strong style=&quot;color: #000080; font-family: Verdana, Tahoma, Arial, sans-serif; font-size: 17.6px; text-align: justify; text-indent: 19.2px;&quot;&gt;Ga&amp;iuml;a&lt;/strong&gt;&lt;span style=&quot;color: #000080; font-family: Verdana, Tahoma, Arial, sans-serif; font-size: 17.6px; text-align: justify; text-indent: 19.2px;&quot;&gt;&amp;nbsp;ou Ga&amp;eacute;a ou G&amp;egrave; (Gr. &amp;Gamma;&amp;alpha;&amp;iota;&amp;alpha;, &amp;Gamma;&amp;alpha;&amp;iota;&amp;eta;, &amp;Gamma;&amp;eta;; lat. Gaea, Terra, Tellus ) est la personnification de la Terre dans la cosmogonie d\"H&amp;eacute;siode, elle est l\"anc&amp;ecirc;tre maternel des races divines et des monstres. Chez les Latins on trouve l\"&amp;eacute;quivalent en Terra Mater ou Tellus.&lt;/span&gt;&lt;/p&gt;\r\n&lt;p style=&quot;text-indent: 1.2rem; margin-top: 5px; text-align: justify; line-height: 23.76px; margin-right: 20px; color: #000080; font-family: Verdana, Tahoma, Arial, sans-serif; font-size: 17.6px;&quot;&gt;La seule est Ga&amp;iuml;a, la terre. D\"apr&amp;egrave;s le r&amp;eacute;cit d\"H&amp;eacute;siode, il semble bien que Ga&amp;iuml;a, qui est une d&amp;eacute;esse aux traits bien d&amp;eacute;finis, le principe d\"o&amp;ugrave; sont sorties toutes choses, ait &amp;eacute;t&amp;eacute; la grande divinit&amp;eacute; des Grecs primitifs. Comme les Eg&amp;eacute;ens, comme les peuples de l\"Asie, les Grecs ont d&amp;ucirc; sans doute adorer &amp;agrave; l\"origine la Terre-M&amp;egrave;re, en qui ils voyaient la d&amp;eacute;esse-m&amp;egrave;re. Ga&amp;iuml;a &quot;&lt;em&gt;d&amp;eacute;esse &amp;agrave; la large poitrine&lt;/em&gt;&quot;, fut un temps la d&amp;eacute;esse supr&amp;ecirc;me, dont la majest&amp;eacute; s\"imposait non seulement aux hommes, mais aux dieux m&amp;ecirc;mes.&lt;/p&gt;\r\n&lt;p style=&quot;text-indent: 1.2rem; margin-top: 5px; text-align: justify; line-height: 23.76px; margin-right: 20px; color: #000080; font-family: Verdana, Tahoma, Arial, sans-serif; font-size: 17.6px;&quot;&gt;On la repr&amp;eacute;sentait commun&amp;eacute;ment sous les traits d\"une femme gigantesque.&lt;/p&gt;\r\n&lt;p style=&quot;text-indent: 1.2rem; margin-top: 5px; text-align: justify; line-height: 23.76px; margin-right: 20px; color: #000080; font-family: Verdana, Tahoma, Arial, sans-serif; font-size: 17.6px;&quot;&gt;&lt;span style=&quot;font-size: 17.6px; text-indent: 19.2px;&quot;&gt;Sortie apr&amp;egrave;s Chaos et avant Eros, elle engendra d\"abord, sans intervention d\"&amp;eacute;l&amp;eacute;ment m&amp;acirc;le, Ouranos, le ciel couronn&amp;eacute; d\"&amp;eacute;toiles, &quot;&lt;/span&gt;&lt;em style=&quot;font-size: 17.6px; text-indent: 19.2px;&quot;&gt;qu\"elle rendit son &amp;eacute;gal en grandeur, afin qu\"il la couvr&amp;icirc;t tout enti&amp;egrave;re&lt;sub&gt;&amp;nbsp;&lt;/sub&gt;&lt;/em&gt;&lt;span style=&quot;font-size: 17.6px; text-indent: 19.2px;&quot;&gt;&quot;, les hautes montagnes (Ourea) et Pontos, la mer st&amp;eacute;rile, aux flots harmonieux.&lt;/span&gt;&lt;/p&gt;\r\n&lt;p style=&quot;text-indent: 1.2rem; margin-top: 5px; text-align: justify; line-height: 23.76px; margin-right: 20px; color: #000080; font-family: Verdana, Tahoma, Arial, sans-serif; font-size: 17.6px;&quot;&gt;La puissance de Ga&amp;iuml;a se manifestait encore par le don de divination qui lui &amp;eacute;tait d&amp;eacute;volu. Il est &amp;agrave; remarquer, en effet, que l\"oracle de&amp;nbsp;&lt;a class=&quot;geolien&quot; style=&quot;color: #0066ff; text-decoration-line: none; font-weight: bold; font-size: 1em;&quot; href=&quot;https://mythologica.fr/grec/geo/delphes.htm&quot;&gt;Delphes&lt;/a&gt;, avant de passer aux mains d\"Apollon, avait appartenu d\"abord &amp;agrave; Ga&amp;iuml;a.&lt;/p&gt;\r\n&lt;p style=&quot;text-indent: 1.2rem; margin-top: 5px; text-align: justify; line-height: 23.76px; margin-right: 20px; color: #000080; font-family: Verdana, Tahoma, Arial, sans-serif; font-size: 17.6px;&quot;&gt;Par la suite, le r&amp;ocirc;le de cette d&amp;eacute;esse alla s\"amoindrissant, &amp;agrave; mesure que d\"autres divinit&amp;eacute;s furent plus v&amp;eacute;n&amp;eacute;r&amp;eacute;es par les hommes. Cependant son culte subsista toujours en Gr&amp;egrave;ce. Elle pr&amp;eacute;sidait aux mariages et &amp;eacute;tait honor&amp;eacute;e comme la proph&amp;eacute;tesse par excellence. A Patras, les malades venaient la consulter. Elle &amp;eacute;tait particuli&amp;egrave;rement v&amp;eacute;n&amp;eacute;r&amp;eacute;e &amp;agrave; Ag&amp;eacute;es, &amp;agrave; Delphes, &amp;agrave; Olympie ; elle avait des sanctuaires &amp;agrave; Dodone, &amp;agrave; T&amp;eacute;g&amp;eacute;e, &amp;agrave;&amp;nbsp;&lt;a class=&quot;geolien&quot; style=&quot;color: #0066ff; text-decoration-line: none; font-weight: bold; font-size: 1em;&quot; href=&quot;https://mythologica.fr/grec/geo/sparte.htm&quot;&gt;Sparte&lt;/a&gt;, &amp;agrave;&amp;nbsp;&lt;a class=&quot;geolien&quot; style=&quot;color: #0066ff; text-decoration-line: none; font-weight: bold; font-size: 1em;&quot; href=&quot;https://mythologica.fr/grec/geo/athenes.htm&quot;&gt;Ath&amp;egrave;nes&lt;/a&gt;, pr&amp;egrave;s de l\"Ar&amp;eacute;opage. On lui offrait des c&amp;eacute;r&amp;eacute;ales et des fruits ; mais on lui immolait une brebis noire quand on l\"invoquait comme gardienne du caract&amp;egrave;re sacr&amp;eacute; et inviolable du serment.&lt;/p&gt;', 'Gaïa.jpg', '2022-05-04 00:26:14'),
(11, 2, 'Enée', '&lt;p&gt;&lt;span style=&quot;color: #000080; font-family: Verdana, Tahoma, Arial, sans-serif; font-size: 17.6px; text-align: justify; text-indent: 19.2px;&quot;&gt;Fils d\"&lt;/span&gt;&lt;a style=&quot;color: #9900cc; text-decoration-line: none; font-weight: bold; font-size: 17.6px; font-family: Verdana, Tahoma, Arial, sans-serif; text-align: justify; text-indent: 19.2px;&quot; href=&quot;https://mythologica.fr/grec/anchise.htm&quot;&gt;Anchise&lt;/a&gt;&lt;span style=&quot;color: #000080; font-family: Verdana, Tahoma, Arial, sans-serif; font-size: 17.6px; text-align: justify; text-indent: 19.2px;&quot;&gt;&amp;nbsp;et de V&amp;eacute;nus /&lt;/span&gt;&lt;a style=&quot;color: #9900cc; text-decoration-line: none; font-weight: bold; font-size: 17.6px; font-family: Verdana, Tahoma, Arial, sans-serif; text-align: justify; text-indent: 19.2px;&quot; href=&quot;https://mythologica.fr/grec/aphrodite.htm&quot;&gt;Aphrodite&lt;/a&gt;&lt;span style=&quot;color: #000080; font-family: Verdana, Tahoma, Arial, sans-serif; font-size: 17.6px; text-align: justify; text-indent: 19.2px;&quot;&gt;,&amp;nbsp;&lt;/span&gt;&lt;strong style=&quot;color: #000080; font-family: Verdana, Tahoma, Arial, sans-serif; font-size: 17.6px; text-align: justify; text-indent: 19.2px;&quot;&gt;En&amp;eacute;e&lt;/strong&gt;&lt;span style=&quot;color: #000080; font-family: Verdana, Tahoma, Arial, sans-serif; font-size: 17.6px; text-align: justify; text-indent: 19.2px;&quot;&gt;, prince troyen, fut un des h&amp;eacute;ros de la guerre de Troie mais c\"est aussi un h&amp;eacute;ros de la mythologie romaine et l\"acteur principal de l\"En&amp;eacute;ide de Virgile&lt;/span&gt;&lt;/p&gt;\r\n&lt;p&gt;&lt;span style=&quot;color: #000080; font-family: Verdana, Tahoma, Arial, sans-serif; font-size: 17.6px; text-align: justify; text-indent: 19.2px;&quot;&gt;Anchise partagea la couche d\"Aphrodite qui s\"&amp;eacute;tait d&amp;eacute;guis&amp;eacute;e comme la fille d\"Otr&amp;eacute;e, roi de Phrygie ; au matin elle se manifesta &amp;agrave; lui dans toute sa splendeur et lui pr&amp;eacute;dit qu\"ils allaient avoir un fils qui serait appel&amp;eacute; &amp;agrave; un grand destin. D&amp;egrave;s sa naissance, En&amp;eacute;e fut &amp;eacute;lev&amp;eacute; par le centaure Chiron et les Nymphes du mont Ida pr&amp;egrave;s de Troie et qui d&amp;egrave;s qu\"il eut atteint l\"&amp;acirc;ge de cinq ans il fut restitu&amp;eacute; &amp;agrave; son p&amp;egrave;re.&lt;/span&gt;&lt;/p&gt;\r\n&lt;p style=&quot;text-indent: 1.2rem; margin-top: 5px; text-align: justify; line-height: 23.76px; margin-right: 20px; color: #000080; font-family: Verdana, Tahoma, Arial, sans-serif; font-size: 17.6px;&quot;&gt;En&amp;eacute;e ne prit pas part au commencement de la guerre de Troie. Mais, un jour qu\"il gardait ses troupeaux, il fut attaqu&amp;eacute; par Achille, qui lui vola une partie de son b&amp;eacute;tail. En&amp;eacute;e se r&amp;eacute;fugia &amp;agrave; Lyrnessos mais toujours poursuivi par Achille, il dut fuir sous la protection de Zeus, et chercher refuge &amp;agrave; Troie, o&amp;ugrave; il s\"engagea dans l\"arm&amp;eacute;e troyenne. Il &amp;eacute;pousa une des filles de Priam,&amp;nbsp;&lt;a style=&quot;color: #9900cc; text-decoration-line: none; font-weight: bold; font-size: 1em;&quot; href=&quot;https://mythologica.fr/grec/creuse.htm&quot;&gt;Cr&amp;eacute;use&lt;sup&gt;2&lt;/sup&gt;&lt;/a&gt;, dont il eut un enfant, Ascagne.&lt;/p&gt;\r\n&lt;p style=&quot;text-indent: 1.2rem; margin-top: 5px; text-align: justify; line-height: 23.76px; margin-right: 20px; color: #000080; font-family: Verdana, Tahoma, Arial, sans-serif; font-size: 17.6px;&quot;&gt;En&amp;eacute;e &amp;eacute;tait un guerrier courageux, il fut l\"un des principaux chefs troyens pendant la guerre de Troie, le plus vaillant guerrier apr&amp;egrave;s Hector mais il se mettait parfois dans des situations p&amp;eacute;rilleuses, notamment lorsqu\"il lutta contre Achille ; heureusement que Pos&amp;eacute;idon, le voyant en danger de mort, le cacha dans une nu&amp;eacute;e, et l&amp;rsquo;enleva des yeux de son ennemi.&lt;/p&gt;\r\n&lt;p style=&quot;text-indent: 1.2rem; margin-top: 5px; text-align: justify; line-height: 23.76px; margin-right: 20px; color: #000080; font-family: Verdana, Tahoma, Arial, sans-serif; font-size: 17.6px;&quot;&gt;Lors de la destruction de Troie et le meurtre de Priam et de sa famille, En&amp;eacute;e s\"enfuit de Troie saccag&amp;eacute;e, portant son p&amp;egrave;re Anchise, aveugle et paralys&amp;eacute;, sur son dos, tra&amp;icirc;nant son fils Ascagne d\"une main, tenant dans l\"autre les dieux de la cit&amp;eacute; ainsi que le Palladium. Au cours de la fuite son &amp;eacute;pouse, Cr&amp;eacute;&amp;uuml;se, se perdit. Il allait partir &amp;agrave; sa recherche quand son ombre lui apparut en lui indiquant qu\"elle &amp;eacute;tait d&amp;eacute;sormais sous la protection d\"Aphrodite (ou la protection de Cyb&amp;egrave;le). Quant &amp;agrave; lui, il devait partir avec leur fils Ascagne et fonder une nouvelle dynastie.&lt;/p&gt;\r\n&lt;p style=&quot;text-indent: 1.2rem; margin-top: 5px; text-align: justify; line-height: 23.76px; margin-right: 20px; color: #000080; font-family: Verdana, Tahoma, Arial, sans-serif; font-size: 17.6px;&quot;&gt;En&amp;eacute;e se retira sur l\"Ida avec son p&amp;egrave;re, son fils et quelques fid&amp;egrave;les, pour y fonder un nouveau royaume de Troade, selon les plus anciennes traditions. Cependant, selon des traditions plus tardives, chant&amp;eacute;es par Virgile dans l\"En&amp;eacute;ide, il s\"embarqua pour les Hesp&amp;eacute;rides, l\"Occident mal connu.&lt;/p&gt;\r\n&lt;p style=&quot;text-indent: 1.2rem; margin-top: 5px; text-align: justify; line-height: 23.76px; margin-right: 20px; color: #000080; font-family: Verdana, Tahoma, Arial, sans-serif; font-size: 17.6px;&quot;&gt;Au cours d\"un&amp;nbsp;&lt;a class=&quot;fancybox-1&quot; style=&quot;color: #9900cc; text-decoration-line: none; font-weight: bold; font-size: 1em;&quot; title=&quot;Voyage d\"En&amp;eacute;e&quot; href=&quot;https://mythologica.fr/grec/pic/enee_voyage.jpg&quot;&gt;voyage mouvement&amp;eacute;&lt;/a&gt;&amp;nbsp;d&amp;eacute;crit dans l\"&lt;a style=&quot;color: #9900cc; text-decoration-line: none; font-weight: bold; font-size: 1em;&quot; href=&quot;https://mythologica.fr/grec/texte/enee1.htm&quot;&gt;En&amp;eacute;ide&lt;/a&gt;, il &amp;eacute;tablit de solides liens d\"amiti&amp;eacute; avec le pilote de son navire,&amp;nbsp;&lt;span class=&quot;green&quot; style=&quot;color: #007700; font-weight: bold;&quot;&gt;Palinure&lt;/span&gt;, avec&amp;nbsp;&lt;span class=&quot;green&quot; style=&quot;color: #007700; font-weight: bold;&quot;&gt;Achate&lt;/span&gt;, dont la fid&amp;eacute;lit&amp;eacute; devint proverbiale, et avec bien d\"autres Troyens. Il fit escale en Thrace, passa par D&amp;eacute;los, puis arriva en Cr&amp;egrave;te. Pendant plus de sept ans, il erra ensuite sur la mer &amp;agrave; la recherche d\"un rivage pour l&amp;rsquo;accueillir, bravant les temp&amp;ecirc;tes et la col&amp;egrave;re des divinit&amp;eacute;s, en particulier celle d\"H&amp;eacute;ra.&lt;/p&gt;\r\n&lt;p style=&quot;text-indent: 1.2rem; margin-top: 5px; text-align: justify; line-height: 23.76px; margin-right: 20px; color: #000080; font-family: Verdana, Tahoma, Arial, sans-serif; font-size: 17.6px;&quot;&gt;Sur le point de toucher les c&amp;ocirc;tes d\"Italie, apr&amp;egrave;s avoir fait &amp;eacute;tape en Sicile, &amp;agrave; Dr&amp;eacute;panon, o&amp;ugrave; le vieil Anchise mourut, les navires d\"&amp;Eacute;n&amp;eacute;e furent rejet&amp;eacute;s brusquement par une temp&amp;ecirc;te sur la c&amp;ocirc;te africaine, pr&amp;egrave;s de Carthage.&lt;br /&gt;La reine&amp;nbsp;&lt;a style=&quot;color: #9900cc; text-decoration-line: none; font-weight: bold; font-size: 1em;&quot; href=&quot;https://mythologica.fr/grec/didon.htm&quot;&gt;Didon&lt;/a&gt;, la fondatrice de Carthage, y accueillit le h&amp;eacute;ros et en tomba amoureuse. Au cours d\"une partie de chasse alors qu\"un orage les a r&amp;eacute;unis dans une grotte, ils deviennent amants. Mais les dieux ne souhaitaient pas une union entre Didon et En&amp;eacute;e ; Zeus ordonna &amp;agrave; celui-ci de regagner les rivages de la Sicile, o&amp;ugrave; il re&amp;ccedil;ut l\"hospitalit&amp;eacute; du roi Aceste et il c&amp;eacute;l&amp;eacute;bra des jeux fun&amp;egrave;bres en m&amp;eacute;moire de son p&amp;egrave;re.&lt;/p&gt;\r\n&lt;p style=&quot;text-indent: 1.2rem; margin-top: 5px; text-align: justify; line-height: 23.76px; margin-right: 20px; color: #000080; font-family: Verdana, Tahoma, Arial, sans-serif; font-size: 17.6px;&quot;&gt;Parvenu enfin sur les c&amp;ocirc;tes d\"Italie, &amp;agrave; Cumes, il descendit aux Enfers, guid&amp;eacute; par la sibylle, pour consulter l\"ombre de son p&amp;egrave;re puis, revenu parmi les vivants, il se dirigea vers le Latium.&lt;/p&gt;\r\n&lt;p style=&quot;text-indent: 1.2rem; margin-top: 5px; text-align: justify; line-height: 23.76px; margin-right: 20px; color: #000080; font-family: Verdana, Tahoma, Arial, sans-serif; font-size: 17.6px;&quot;&gt;Les aventures d\"&lt;a style=&quot;color: #9900cc; text-decoration-line: none; font-weight: bold; font-size: 1em;&quot; href=&quot;https://mythologica.fr/rome/enee.htm&quot;&gt;En&amp;eacute;e en Italie&lt;/a&gt;&amp;nbsp;commen&amp;ccedil;aient.&lt;/p&gt;', 'Enée.jpg', '2022-05-04 00:29:21');

DROP TABLE IF EXISTS `commentaires`;
CREATE TABLE IF NOT EXISTS `commentaires` (
  `id_commentaire` int(11) NOT NULL AUTO_INCREMENT,
  `id_user` int(11) NOT NULL,
  `id_article` int(11) NOT NULL,
  `contenu_commentaire` text COLLATE utf8mb4_unicode_ci NOT NULL,
  `date_commentaire` datetime NOT NULL DEFAULT current_timestamp(),
  PRIMARY KEY (`id_commentaire`),
  KEY `id_user` (`id_user`),
  KEY `id_article` (`id_article`)
) ENGINE=InnoDB AUTO_INCREMENT=30 DEFAULT CHARSET=utf8mb4 COLLATE=utf8mb4_unicode_ci;

INSERT INTO `commentaires` (`id_commentaire`, `id_user`, `id_article`, `contenu_commentaire`, `date_commentaire`) VALUES
(1, 1, 1, 'Sed sed diam vel tellus efficitur hendrerit fringilla ut neque. Vivamus faucibus mauris nisl, vel pharetra ex molestie ac. Suspendisse sit amet eros ac ex interdum mattis. Maecenas odio odio, finibus nec ligula ac, gravida aliquam augue. Curabitur nec efficitur mi.\r\n\r\nSed pharetra mattis lectus et placerat. Nunc volutpat suscipit nisi, sed auctor leo vulputate ut. Fusce vitae tempor neque, non consectetur urna. Aenean urna magna, volutpat et volutpat eu, egestas placerat elit. Nunc id lobortis mauris. Donec luctus bibendum nisi at ornare. Proin vehicula cursus nulla, sed volutpat mi feugiat eu.', '2022-05-04 00:14:12'),
(2, 1, 5, 'Sed sed diam vel tellus efficitur hendrerit fringilla ut neque. Vivamus faucibus mauris nisl, vel pharetra ex molestie ac. Suspendisse sit amet eros ac ex interdum mattis. Maecenas odio odio, finibus nec ligula ac, gravida aliquam augue. Curabitur nec efficitur mi.', '2022-05-04 00:17:37'),
(3, 1, 6, 'Sed sed diam vel tellus efficitur hendrerit fringilla ut neque. Vivamus faucibus mauris nisl, vel pharetra ex molestie ac. Suspendisse sit amet eros ac ex interdum mattis. Maecenas odio odio, finibus nec ligula ac, gravida aliquam augue. Curabitur nec efficitur mi.\r\n\r\nSed pharetra mattis lectus et placerat. Nunc volutpat suscipit nisi, sed auctor leo vulputate ut. Fusce vitae tempor neque, non consectetur urna. Aenean urna magna, volutpat et volutpat eu, egestas placerat elit. Nunc id lobortis mauris. Donec luctus bibendum nisi at ornare. Proin vehicula cursus nulla, sed volutpat mi feugiat eu.', '2022-05-04 00:17:54'),
(4, 2, 1, 'Fusce vitae tempor neque, non consectetur urna. Aenean urna magna, volutpat et volutpat eu, egestas placerat elit. Nunc id lobortis mauris. Donec luctus bibendum nisi at ornare. Proin vehicula cursus nulla, sed volutpat mi feugiat eu.', '2022-05-04 00:30:09'),
(5, 2, 7, 'Fusce vitae tempor neque, non consectetur urna. Aenean urna magna, volutpat et volutpat eu, egestas placerat elit. Nunc id lobortis mauris. Donec luctus bibendum nisi at ornare. Proin vehicula cursus nulla, sed volutpat mi feugiat eu.Fusce vitae tempor neque, non consectetur urna. Aenean urna magna, volutpat et volutpat eu, egestas placerat elit. Nunc id lobortis mauris. Donec luctus bibendum nisi at ornare. Proin vehicula cursus nulla, sed volutpat mi feugiat eu.', '2022-05-04 00:30:21'),
(6, 2, 2, 'Fusce vitae tempor neque, non consectetur urna. Aenean urna magna, volutpat et volutpat eu, egestas placerat elit. Nunc id lobortis mauris. Donec luctus bibendum nisi at ornare. Proin vehicula cursus nulla, sed volutpat mi feugiat eu.Fusce vitae tempor neque, non consectetur urna. Aenean urna magna, volutpat et volutpat eu, egestas placerat elit. Nunc id lobortis mauris. Donec luctus bibendum nisi at ornare. Proin vehicula cursus nulla, sed volutpat mi feugiat eu.Fusce vitae tempor neque, non consectetur urna. Aenean urna magna, volutpat et volutpat eu, egestas placerat elit. Nunc id lobortis mauris. Donec luctus bibendum nisi at ornare. Proin vehicula cursus nulla, sed volutpat mi feugiat eu.', '2022-05-04 00:30:27'),
(7, 2, 4, 'Fusce vitae tempor neque, non consectetur urna. Aenean urna magna, volutpat et volutpat eu, egestas placerat elit. Nunc id lobortis mauris. Donec luctus bibendum nisi at ornare. Proin vehicula cursus nulla, sed volutpat mi feugiat eu.Fusce vitae tempor neque, non consectetur urna. Aenean urna magna, volutpat et volutpat eu, egestas placerat elit. Nunc id lobortis mauris. Donec luctus bibendum nisi at ornare. Proin vehicula cursus nulla, sed volutpat mi feugiat eu.Fusce vitae tempor neque, non consectetur urna. Aenean urna magna, volutpat et volutpat eu, egestas placerat elit. Nunc id lobortis mauris. Donec luctus bibendum nisi at ornare. Proin vehicula cursus nulla, sed volutpat mi feugiat eu.', '2022-05-04 00:30:36'),
(8, 2, 9, 'Fusce vitae tempor neque, non consectetur urna. Aenean urna magna, volutpat et volutpat eu, egestas placerat elit. Nunc id lobortis mauris. Donec luctus bibendum nisi at ornare. Proin vehicula cursus nulla, sed volutpat mi feugiat eu.Fusce vitae tempor neque, non consectetur urna. Aenean urna magna, volutpat et volutpat eu, egestas placerat elit. Nunc id lobortis mauris. Donec luctus bibendum nisi at ornare. Proin vehicula cursus nulla, sed volutpat mi feugiat eu.Fusce vitae tempor neque, non consectetur urna. Aenean urna magna, volutpat et volutpat eu, egestas placerat elit. Nunc id lobortis mauris. Donec luctus bibendum nisi at ornare. Proin vehicula cursus nulla, sed volutpat mi feugiat eu.', '2022-05-04 00:30:41'),
(9, 2, 10, 'Fusce vitae tempor neque, non consectetur urna. Aenean urna magna, volutpat et volutpat eu, egestas placerat elit. Nunc id lobortis mauris. Donec luctus bibendum nisi at ornare. Proin vehicula cursus nulla, sed volutpat mi feugiat eu.', '2022-05-04 00:30:54'),
(10, 2, 6, 'Fusce vitae tempor neque, non consectetur urna. Aenean urna magna, volutpat et volutpat eu, egestas placerat elit. Nunc id lobortis mauris. Donec luctus bibendum nisi at ornare. Proin vehicula cursus nulla, sed volutpat mi feugiat eu.', '2022-05-04 00:31:00'),
(11, 3, 1, 'Fusce vitae tempor neque, non consectetur urna. Aenean urna magna, volutpat et volutpat eu, egestas placerat elit. Nunc id lobortis mauris. Donec luctus bibendum nisi at ornare. Proin vehicula cursus nulla, sed volutpat mi feugiat eu.Fusce vitae tempor neque, non consectetur urna. Aenean urna magna, volutpat et volutpat eu, egestas placerat elit. Nunc id lobortis mauris. Donec luctus bibendum nisi at ornare. Proin vehicula cursus nulla, sed volutpat mi feugiat eu.', '2022-05-04 00:31:20'),
(12, 3, 3, 'Fusce vitae tempor neque, non consectetur urna. Aenean urna magna, volutpat et volutpat eu, egestas placerat elit. Nunc id lobortis mauris. Donec luctus bibendum nisi at ornare. Proin vehicula cursus nulla, sed volutpat mi feugiat eu.', '2022-05-04 00:31:25'),
(13, 3, 5, 'Fusce vitae tempor neque, non consectetur urna. Aenean urna magna, volutpat et volutpat eu, egestas placerat elit. Nunc id lobortis mauris. Donec luctus bibendum nisi at ornare. Proin vehicula cursus nulla, sed volutpat mi feugiat eu.Fusce vitae tempor neque, non consectetur urna. Aenean urna magna, volutpat et volutpat eu, egestas placerat elit. Nunc id lobortis mauris. Donec luctus bibendum nisi at ornare. Proin vehicula cursus nulla, sed volutpat mi feugiat eu.Fusce vitae tempor neque, non consectetur urna. Aenean urna magna, volutpat et volutpat eu, egestas placerat elit. Nunc id lobortis mauris. Donec luctus bibendum nisi at ornare. Proin vehicula cursus nulla, sed volutpat mi feugiat eu.', '2022-05-04 00:31:30'),
(14, 3, 6, 'Fusce vitae tempor neque, non consectetur urna. Aenean urna magna, volutpat et volutpat eu, egestas placerat elit. Nunc id lobortis mauris. Donec luctus bibendum nisi at ornare. Proin vehicula cursus nulla, sed volutpat mi feugiat eu.Fusce vitae tempor neque, non consectetur urna. Aenean urna magna, volutpat et volutpat eu, egestas placerat elit. Nunc id lobortis mauris. Donec luctus bibendum nisi at ornare. Proin vehicula cursus nulla, sed volutpat mi feugiat eu.Fusce vitae tempor neque, non consectetur urna. Aenean urna magna, volutpat et volutpat eu, egestas placerat elit. Nunc id lobortis mauris. Donec luctus bibendum nisi at ornare. Proin vehicula cursus nulla, sed volutpat mi feugiat eu.', '2022-05-04 00:31:36'),
(15, 3, 10, 'Fusce vitae tempor neque, non consectetur urna. Aenean urna magna, volutpat et volutpat eu, egestas placerat elit. Nunc id lobortis mauris. Donec luctus bibendum nisi at ornare. Proin vehicula cursus nulla, sed volutpat mi feugiat eu.Fusce vitae tempor neque, non consectetur urna. Aenean urna magna, volutpat et volutpat eu, egestas placerat elit. Nunc id lobortis mauris. Donec luctus bibendum nisi at ornare. Proin vehicula cursus nulla, sed volutpat mi feugiat eu.Fusce vitae tempor neque, non consectetur urna. Aenean urna magna, volutpat et volutpat eu, egestas placerat elit. Nunc id lobortis mauris.', '2022-05-04 00:31:51'),
(16, 3, 2, 'Fusce vitae tempor neque, non consectetur urna. Aenean urna magna, volutpat et volutpat eu, egestas placerat elit. Nunc id lobortis mauris. Donec luctus bibendum nisi at ornare. Proin vehicula cursus nulla, sed volutpat mi feugiat eu.Fusce vitae tempor neque, non consectetur urna. Aenean urna magna, volutpat et volutpat eu, egestas placerat elit. Nunc id lobortis mauris. Donec luctus bibendum nisi at ornare. Proin vehicula cursus nulla, sed volutpat mi feugiat eu.Fusce vitae tempor neque, non consectetur urna. Aenean urna magna, volutpat et volutpat eu, egestas placerat elit. Nunc id lobortis mauris. Donec luctus bibendum nisi at ornare. Proin vehicula cursus nulla, sed volutpat mi feugiat eu.', '2022-05-04 00:32:14'),
(17, 3, 7, 'Fusce vitae tempor neque, non consectetur urna. Aenean urna magna, volutpat et volutpat eu, egestas placerat elit. Nunc id lobortis mauris. Donec luctus bibendum nisi at ornare. Proin vehicula cursus nulla, sed volutpat mi feugiat eu.', '2022-05-04 00:32:19'),
(18, 3, 10, 'Fusce vitae tempor neque, non consectetur urna. Aenean urna magna, volutpat et volutpat eu, egestas placerat elit. Nunc id lobortis mauris. Donec luctus bibendum nisi at ornare. Proin vehicula cursus nulla, sed volutpat mi feugiat eu.Fusce vitae tempor neque, non consectetur urna. Aenean urna magna, volutpat et volutpat eu, egestas placerat elit. Nunc id lobortis mauris. Donec luctus bibendum nisi at ornare. Proin vehicula cursus nulla, sed volutpat mi feugiat eu.', '2022-05-04 00:33:28'),
(19, 5, 1, 'Fusce vitae tempor neque, non consectetur urna. Aenean urna magna, volutpat et volutpat eu, egestas placerat elit. Nunc id lobortis mauris. Donec luctus bibendum nisi at ornare. Proin vehicula cursus nulla, sed volutpat mi feugiat eu.Fusce vitae tempor neque, non consectetur urna. Aenean urna magna, volutpat et volutpat eu, egestas placerat elit. Nunc id lobortis mauris. Donec luctus bibendum nisi at ornare. Proin vehicula cursus nulla, sed volutpat mi feugiat eu.Fusce vitae tempor neque, non consectetur urna. Aenean urna magna, volutpat et volutpat eu, egestas placerat elit. Nunc id lobortis mauris. Donec luctus bibendum nisi at ornare. Proin vehicula cursus nulla, sed volutpat mi feugiat eu.Fusce vitae tempor neque, non consectetur urna. Aenean urna magna, volutpat et volutpat eu, egestas placerat elit. Nunc id lobortis mauris. Donec luctus bibendum nisi at ornare. Proin vehicula cursus nulla, sed volutpat mi feugiat eu.Fusce vitae tempor neque, non consectetur urna. Aenean urna magna, volutpat et volutpat eu, egestas placerat elit. Nunc id lobortis mauris. Donec luctus bibendum nisi at ornare. Proin vehicula cursus nulla, sed volutpat mi feugiat eu.', '2022-05-04 00:33:43'),
(20, 5, 7, 'Fusce vitae tempor neque, non consectetur urna. Aenean urna magna, volutpat et volutpat eu, egestas placerat elit. Nunc id lobortis mauris. Donec luctus bibendum nisi at ornare. Proin vehicula cursus nulla, sed volutpat mi feugiat eu.Fusce vitae tempor neque, non consectetur urna. Aenean urna magna, volutpat et volutpat eu, egestas placerat elit. Nunc id lobortis mauris. Donec luctus bibendum nisi at ornare. Proin vehicula cursus nulla, sed volutpat mi feugiat eu.', '2022-05-04 00:33:47'),
(21, 5, 2, 'Fusce vitae tempor neque, non consectetur urna. Aenean urna magna, volutpat et volutpat eu, egestas placerat elit. Nunc id lobortis mauris. Donec luctus bibendum nisi at ornare. Proin vehicula cursus nulla, sed volutpat mi feugiat eu.', '2022-05-04 00:33:52'),
(23, 5, 3, 'Fusce vitae tempor neque, non consectetur urna. Aenean urna magna, volutpat et volutpat eu, egestas placerat elit. Nunc id lobortis mauris. Donec luctus bibendum nisi at ornare. Proin vehicula cursus nulla, sed volutpat mi feugiat eu.Fusce vitae tempor neque, non consectetur urna. Aenean urna magna, volutpat et volutpat eu, egestas placerat elit. Nunc id lobortis mauris. Donec luctus bibendum nisi at ornare. Proin vehicula cursus nulla, sed volutpat mi feugiat eu.', '2022-05-04 00:34:01'),
(24, 5, 4, 'Fusce vitae tempor neque, non consectetur urna. Aenean urna magna, volutpat et volutpat eu, egestas placerat elit. Nunc id lobortis mauris. Donec luctus bibendum nisi at ornare. Proin vehicula cursus nulla, sed volutpat mi feugiat eu.Fusce vitae tempor neque, non consectetur urna. Aenean urna magna, volutpat et volutpat eu, egestas placerat elit. Nunc id lobortis mauris. Donec luctus bibendum nisi at ornare. Proin vehicula cursus nulla, sed volutpat mi feugiat eu.', '2022-05-04 00:34:05'),
(25, 5, 5, 'Fusce vitae tempor neque, non consectetur urna. Aenean urna magna, volutpat et volutpat eu, egestas placerat elit. Nunc id lobortis mauris. Donec luctus bibendum nisi at ornare. Proin vehicula cursus nulla, sed volutpat mi feugiat eu.', '2022-05-04 00:34:09'),
(26, 5, 9, 'Fusce vitae tempor neque, non consectetur urna. Aenean urna magna, volutpat et volutpat eu, egestas placerat elit. Nunc id lobortis mauris. Donec luctus bibendum nisi at ornare. Proin vehicula cursus nulla, sed volutpat mi feugiat eu.', '2022-05-04 00:34:14'),
(27, 5, 4, 'Fusce vitae tempor neque, non consectetur urna. Aenean urna magna, volutpat et volutpat eu, egestas placerat elit. Nunc id lobortis mauris. Donec luctus bibendum nisi at ornare. Proin vehicula cursus nulla, sed volutpat mi feugiat eu.', '2022-05-04 00:34:19'),
(28, 5, 11, 'Fusce vitae tempor neque, non consectetur urna. Aenean urna magna, volutpat et volutpat eu, egestas placerat elit. Nunc id lobortis mauris. Donec luctus bibendum nisi at ornare. Proin vehicula cursus nulla, sed volutpat mi feugiat eu.', '2022-05-04 00:34:27'),
(29, 5, 6, 'Fusce vitae tempor neque, non consectetur urna. Aenean urna magna, volutpat et volutpat eu, egestas placerat elit. Nunc id lobortis mauris. Donec luctus bibendum nisi at ornare. Proin vehicula cursus nulla, sed volutpat mi feugiat eu.', '2022-05-04 00:34:37');

DROP TABLE IF EXISTS `users`;
CREATE TABLE IF NOT EXISTS `users` (
  `id_user` int(11) NOT NULL AUTO_INCREMENT,
  `email_user` varchar(150) COLLATE utf8mb4_unicode_ci NOT NULL,
  `pseudo_user` varchar(50) COLLATE utf8mb4_unicode_ci NOT NULL,
  `password_user` varchar(150) COLLATE utf8mb4_unicode_ci NOT NULL,
  `role_user` varchar(50) COLLATE utf8mb4_unicode_ci NOT NULL DEFAULT 'user',
  PRIMARY KEY (`id_user`),
  UNIQUE KEY `email_user` (`email_user`)
) ENGINE=InnoDB AUTO_INCREMENT=6 DEFAULT CHARSET=utf8mb4 COLLATE=utf8mb4_unicode_ci;

INSERT INTO `users` (`id_user`, `email_user`, `pseudo_user`, `password_user`, `role_user`) VALUES
(1, 'admin1@admin.com', 'Admin 1', '$argon2i$v=19$m=65536,t=4,p=1$TXBnME1JQkVrLnVIMnV1WQ$yuidmIECn2DWdmX0tCobt4TWGStaM2C8fplrr2okweI', 'admin'),
(2, 'admin2@admin.com', 'Admin 2', '$argon2i$v=19$m=65536,t=4,p=1$WGlva0YwTzM0TmNNUFpIcw$HAb7kgULqQqEe91fXIJCuYsPmEYHRmVrMuUDUioafxk', 'admin'),
(3, 'user1@user.com', 'User 1', '$argon2i$v=19$m=65536,t=4,p=1$SEROM1hwY0l4Q0pzUk9TQw$6Aa9Gxy+NZ0Xx8edjdS5GJpIPqUQW38cQwtIYlpxxK8', 'user'),
(4, 'user2@user.com', 'User 2', '$argon2i$v=19$m=65536,t=4,p=1$bFVubDdBeWJjaU1XTWRnRg$t5iRvYkbdfg1oOQ8JuAoUOOF7VcQEMq+AOY6GPsEuhE', 'user'),
(5, 'user3@user.com', 'User 3', '$argon2i$v=19$m=65536,t=4,p=1$NnQ2Wi5tdEtobmhmejh0dg$eo0O6t58urYuEOzf4GvDOuE0Wl30Umn2PDi5GbQuZ+s', 'user');


--
-- Contraintes pour les tables déchargées
--

--
-- Contraintes pour la table `articles`
--
ALTER TABLE `articles`
  ADD CONSTRAINT `articles_ibfk_1` FOREIGN KEY (`id_user`) REFERENCES `users` (`id_user`);
-- DELETE FROM `commentaires` WHERE `id_user`;

--
-- Contraintes pour la table `commentaires`
--
ALTER TABLE `commentaires`
  ADD CONSTRAINT `commentaires_ibfk_1` FOREIGN KEY (`id_user`) REFERENCES `users` (`id_user`),
  ADD CONSTRAINT `commentaires_ibfk_2` FOREIGN KEY (`id_article`) REFERENCES `articles` (`id_article`) ON DELETE CASCADE;
COMMIT;
